"","gen","FTmean","FTvar","FTh2","IBmean","pA","pB","pC","FisA","FisB","FisC"
"1",1,99.5672,12.6761546218487,0.798874454007257,0,0.4996,0.4906,0.499,1,1,1
"2",2,99.6164,12.3373859943978,0.797912509693612,0,0.4906,0.4878,0.4842,1,1,1
"3",3,99.5712,12.408293877551,0.82329370733146,0.00085,0.492,0.4778,0.4766,1,1,1
"4",4,99.694,12.278075230092,0.84057419586343,0.0004875,0.4918,0.4706,0.4746,1,1,1
"5",5,99.6136,12.0371098839536,0.834679745353053,0.000425,0.496,0.4708,0.469,1,1,1
"6",6,99.6272,12.2563226890756,0.820184503410256,0.00110234375,0.4872,0.4636,0.4664,1,1,1
"7",7,99.7548,12.3356112044818,0.853051675436966,0.0011013671875,0.4948,0.4638,0.4664,1,1,1
"8",8,99.6408,12.4247452581032,0.824638477197063,0.00131875,0.4884,0.4634,0.4616,1,1,1
"9",9,99.5724,11.6590218487395,0.821781967120997,0.00127794189453125,0.4974,0.4552,0.4514,1,1,1
"10",10,99.6908,11.7366900360144,0.807435218760605,0.00174464111328125,0.4844,0.4604,0.4488,1,1,1
"11",11,99.7756,11.5402607442977,0.822738242741153,0.00244346160888672,0.49,0.4546,0.4424,1,1,1
"12",12,99.876,12.1911004401761,0.802063129645409,0.00197795238494873,0.4942,0.4472,0.4354,1,1,1
"13",13,99.858,11.8057583033213,0.805091132676826,0.00250443949699402,0.497,0.4406,0.4352,1,1,1
"14",14,99.9212,11.6156368147259,0.814849423148614,0.00201477336883545,0.502,0.4418,0.4324,1,1,1
"15",15,99.7764,12.2961214885954,0.816750592055959,0.00273239517509937,0.5054,0.4468,0.4216,1,1,1
"16",16,99.928,11.8579591836735,0.822189016044253,0.00285760978236794,0.4962,0.4508,0.432,1,1,1
"17",17,99.908,12.2340296118447,0.77605110941607,0.00293284138031304,0.485,0.4606,0.4296,1,1,1
"18",18,99.9368,11.9367804721889,0.821503646340848,0.00300827163052745,0.4892,0.4586,0.4244,1,1,1
"19",19,99.9376,12.9124712284914,0.801442467363353,0.00310966534028994,0.4888,0.4546,0.4358,1,1,1
"20",20,100.0452,12.7618617046819,0.794213942600659,0.00341226778068522,0.4788,0.453,0.4294,1,1,1
"21",21,99.98,11.9043617446979,0.818543144307372,0.00378876824329273,0.4814,0.4582,0.433,1,1,1
"22",22,99.9492,11.9690069627851,0.811763598423358,0.00390439892822014,0.489,0.4418,0.4264,1,1,1
"23",23,100.0388,12.6271454181673,0.799922563723845,0.00446254192500464,0.4964,0.4454,0.435,1,1,1
"24",24,100.0472,12.6428292917167,0.806991044852006,0.00452245561577404,0.5022,0.4404,0.4262,1,1,1
"25",25,99.994,12.2764745898359,0.814417461376561,0.00402937293428519,0.497,0.44,0.427,1,1,1
"26",26,100.1176,12.9217389355742,0.793002883093523,0.00466577251295282,0.5008,0.4356,0.4274,1,1,1
"27",27,100.1552,12.482505962385,0.808852215369689,0.00473751278138151,0.498,0.434,0.4284,1,1,1
"28",28,100.1532,12.4587132452981,0.830120469869582,0.00505300836245802,0.4898,0.4308,0.414,1,1,1
"29",29,100.2232,12.1574447378952,0.802587462698955,0.00574154754803063,0.4884,0.4406,0.4136,1,1,1
"30",30,100.2508,12.4456776310524,0.797033571270225,0.00525482534419267,0.4792,0.4316,0.4122,1,1,1
"31",31,100.352,12.2826090436174,0.797203644722919,0.0057772533573319,0.4744,0.4358,0.4084,1,1,1
"32",32,100.3076,12.279494037615,0.832357791103121,0.0057835456989239,0.4652,0.428,0.4068,1,1,1
"33",33,100.4744,12.0877797519008,0.80795028454256,0.00601646566689739,0.4804,0.428,0.4068,1,1,1
"34",34,100.5452,12.0631822328932,0.810281350304295,0.0061224829183313,0.4702,0.4214,0.4088,1,1,1
"35",35,100.522,11.4524969987995,0.813968572096441,0.00676400585177085,0.477,0.4278,0.4152,1,1,1
"36",36,100.6468,11.4098136854742,0.818670015692843,0.0065645560245085,0.4826,0.4394,0.4236,1,1,1
"37",37,100.5776,11.9679654261705,0.797634512214707,0.00664074847892103,0.4804,0.4516,0.4296,1,1,1
"38",38,100.608,12.0639615846339,0.791932025644292,0.00699620030902983,0.4858,0.4432,0.4214,1,1,1
"39",39,100.6192,12.1886668267307,0.824342100355862,0.00689104735772399,0.4754,0.446,0.4076,1,1,1
"40",40,100.5492,12.4589629451781,0.798854267572835,0.00681507599044054,0.4732,0.4496,0.4112,1,1,1
"41",41,100.6008,12.6488989195678,0.790103046674582,0.00758053663669384,0.475,0.4574,0.4174,1,1,1
"42",42,100.6008,12.0950773909564,0.818355027174582,0.00783065354242444,0.4676,0.4646,0.4136,1,1,1
"43",43,100.5436,11.9352731492597,0.809008559293258,0.0080904745750915,0.4624,0.4566,0.409,1,1,1
"44",44,100.6732,12.3313342937175,0.79299905603596,0.00778151015271343,0.4646,0.4542,0.4054,1,1,1
"45",45,100.65,11.7930172068828,0.784008062231195,0.00809903190669144,0.4612,0.4556,0.4086,1,1,1
"46",46,100.7036,11.2994668267307,0.807205895495726,0.00832282234153802,0.471,0.4686,0.4076,1,1,1
"47",47,100.6064,12.0426961184474,0.786721977229637,0.00817366556759287,0.4702,0.4718,0.4104,1,1,1
"48",48,100.4988,12.2500985994398,0.810208777864032,0.00884904372065641,0.4792,0.469,0.4098,1,1,1
"49",49,100.55,12.2956182472989,0.822332020145313,0.00882224123766376,0.4798,0.468,0.411,1,1,1
"50",50,100.5264,12.679975030012,0.794194622888413,0.00884507346327631,0.4796,0.4666,0.4076,1,1,1
"51",51,100.6052,11.9981322128852,0.8089300173986,0.00897725688038896,0.4824,0.4568,0.4068,1,1,1
"52",52,100.6692,12.3599153261305,0.79924084583228,0.00921765741321938,0.4814,0.4542,0.419,1,1,1
"53",53,100.7044,12.6164672268908,0.815447595759521,0.00992215270235116,0.4858,0.4452,0.4136,1,1,1
"54",54,100.7696,12.8680630652261,0.787808634220217,0.0102494273857677,0.49,0.444,0.4096,1,1,1
"55",55,100.7852,12.2767716686675,0.794945121346942,0.0100957351568871,0.4868,0.4388,0.41,1,1,1
"56",56,100.6664,12.425681312525,0.803786717833507,0.0101325192283919,0.4766,0.44,0.4166,1,1,1
"57",57,100.7508,11.7269901560624,0.830732362392083,0.0101717432252087,0.471,0.4398,0.4346,1,1,1
"58",58,100.7948,12.7009733493397,0.825268407114863,0.0106102363957138,0.4784,0.4394,0.441,1,1,1
"59",59,100.8344,12.4999766306523,0.797663275983524,0.0105737539209006,0.484,0.4412,0.4356,1,1,1
"60",60,100.8632,12.3390213685474,0.794250147973675,0.0114081103358731,0.4766,0.4464,0.4404,1,1,1
"61",61,100.846,12.3944417767107,0.821364234378123,0.0109562780216854,0.4784,0.4374,0.437,1,1,1
"62",62,100.9272,12.515706442577,0.800211009133481,0.0114101784597085,0.4778,0.4484,0.4448,1,1,1
"63",63,100.9168,12.3812302521008,0.805468619346824,0.011277975018394,0.468,0.4446,0.4342,1,1,1
"64",64,100.996,12.2712925170068,0.808876865423421,0.0114533098537069,0.4634,0.4464,0.4288,1,1,1
"65",65,100.8904,12.358531252501,0.797624875268625,0.0116657631465824,0.4634,0.4516,0.4258,1,1,1
"66",66,100.9264,12.011387595038,0.80245103939247,0.0121412065811975,0.4726,0.4552,0.4286,1,1,1
"67",67,100.9692,11.3904075230092,0.810567602561782,0.0126122127708017,0.4692,0.4548,0.4314,1,1,1
"68",68,100.9988,11.4313711084434,0.819054200601923,0.0127493233128528,0.4804,0.4566,0.4372,1,1,1
"69",69,101.0416,11.3508097639056,0.821141846601521,0.0123950824423897,0.4828,0.4564,0.432,1,1,1
"70",70,101.0188,11.7079297318928,0.813686775817188,0.0124485159117567,0.4826,0.4548,0.4348,1,1,1
"71",71,100.9196,11.9291074829932,0.787647725292514,0.0128136319753514,0.4866,0.453,0.4318,1,1,1
"72",72,100.9412,11.7288340936375,0.825304792267896,0.0127818347051207,0.4862,0.4502,0.4154,1,1,1
"73",73,101.0104,11.7005720688275,0.812962702637305,0.0129385416822156,0.4878,0.4508,0.4192,1,1,1
"74",74,101.086,11.8537454981993,0.792762476913671,0.0131080060046992,0.4958,0.4582,0.4198,1,1,1
"75",75,101.0684,11.4130866746699,0.804094298130188,0.0136762029717187,0.4964,0.4596,0.4242,1,1,1
"76",76,101.0088,11.6253727090836,0.794490438295086,0.0137168542103899,0.4944,0.4568,0.4296,1,1,1
"77",77,101.0632,11.6990853941577,0.788686162365551,0.013779737214293,0.5026,0.4576,0.4206,1,1,1
"78",78,101.0496,11.7390354541817,0.806141247738058,0.0138172088882657,0.5078,0.4582,0.4278,1,1,1
"79",79,101.004,12.2152701080432,0.801381591275098,0.0140215784324754,0.5058,0.4608,0.4286,1,1,1
"80",80,101.0376,12.2931034813926,0.813888706165964,0.0145680405617493,0.5078,0.4732,0.4218,1,1,1
"81",81,100.942,12.3539775910364,0.806871908058248,0.0146641706662424,0.5018,0.4748,0.4074,1,1,1
"82",82,100.9596,12.9751579031613,0.790738540489704,0.0150497920948213,0.4982,0.4778,0.4102,1,1,1
"83",83,100.994,12.1620288115246,0.795190509891945,0.0150077895800458,0.501,0.4688,0.4192,1,1,1
"84",84,101.1684,12.0920782713085,0.801327903316871,0.0151921184662363,0.4974,0.4612,0.426,1,1,1
"85",85,101.0148,12.2242706682673,0.797814556393043,0.0155205364891525,0.4988,0.4624,0.426,1,1,1
"86",86,101.0328,12.2862386554622,0.814982139515484,0.0156441563284739,0.4914,0.4714,0.4236,1,1,1
"87",87,101.0776,12.5814108043217,0.795932244480586,0.0162536005964415,0.4992,0.474,0.4276,1,1,1
"88",88,101.05,12.3348339335734,0.796626139709162,0.0165017363081367,0.4964,0.4884,0.4238,1,1,1
"89",89,101.0684,12.1085648659464,0.822746971612394,0.0161052303524494,0.5038,0.4922,0.42,1,1,1
"90",90,101.1132,12.1348396958784,0.798918055778493,0.0164019625657444,0.5034,0.4998,0.425,1,1,1
"91",91,101.136,12.3168307322929,0.804880661837519,0.0164637856480684,0.508,0.5046,0.4146,1,1,1
"92",92,101.1472,12.4945299719888,0.814092866709909,0.0166491491029258,0.506,0.5122,0.4176,1,1,1
"93",93,101.0928,12.1410445778311,0.788414354973218,0.0167128473798061,0.504,0.5034,0.4102,1,1,1
"94",94,101.1768,11.9143074829932,0.791850503574707,0.0167975890770006,0.5208,0.4962,0.3992,1,1,1
"95",95,101.1816,11.9654076030412,0.800494112118643,0.0172211388586459,0.538,0.4924,0.4068,1,1,1
"96",96,101.1084,12.4832427370948,0.800898546551254,0.0172401764736176,0.5536,0.4912,0.4016,1,1,1
"97",97,101.096,12.0067867146859,0.80009230473895,0.0178130904327153,0.5632,0.4816,0.3976,1,1,1
"98",98,101.09,11.8234293717487,0.791394031492465,0.017560998402486,0.5554,0.496,0.3978,1,1,1
"99",99,101.0496,11.9487193277311,0.796030854756884,0.018267879419936,0.5544,0.4972,0.4016,1,1,1
"100",100,100.9904,11.9198757903161,0.7922598676203,0.0182717524685625,0.5516,0.4946,0.4128,1,1,1
"101",101,100.9576,11.650862585034,0.796545796546291,0.0182975869083406,0.5364,0.485,0.4258,1,1,1
"102",102,101.0316,11.7721102841136,0.78654230393962,0.0189472859351681,0.5436,0.4862,0.4214,1,1,1
"103",103,101.0196,11.7815284513806,0.789856746201781,0.0187898249971107,0.5284,0.4876,0.4262,1,1,1
"104",104,101.0248,11.5239945578231,0.784820289572127,0.0192401569138568,0.5236,0.494,0.4226,1,1,1
"105",105,101.0564,11.3185464585834,0.815322651251257,0.0192326168614668,0.5174,0.4862,0.4196,1,1,1
"106",106,101.0752,11.6926220088035,0.817555170964802,0.0190189243035758,0.5186,0.4934,0.4294,1,1,1
"107",107,101.0552,12.0593767106843,0.806643547236114,0.0195060212055283,0.5148,0.4778,0.4198,1,1,1
"108",108,101.0548,11.9437744697879,0.789375847198474,0.0194116763253713,0.5072,0.4888,0.434,1,1,1
"109",109,100.9548,11.8014775510204,0.823155803999882,0.0199653805043245,0.4926,0.4888,0.4356,1,1,1
"110",110,101.0536,11.6938045618247,0.81196490786022,0.0198732116031258,0.4974,0.491,0.4284,1,1,1
"111",111,100.9548,11.8022778711485,0.78434739254694,0.0200260924282834,0.5116,0.5014,0.427,1,1,1
"112",112,100.9448,11.7384483393357,0.812560485336824,0.0203400758683246,0.5168,0.5108,0.4236,1,1,1
"113",113,100.91,11.8698479391757,0.803027365972474,0.0206297680147713,0.5172,0.506,0.4156,1,1,1
"114",114,100.9728,11.974449939976,0.797365114165447,0.0208418755142903,0.5176,0.5012,0.415,1,1,1
"115",115,101.004,11.7470828331333,0.81576151486785,0.020838226704649,0.5076,0.4976,0.413,1,1,1
"116",116,100.926,12.2078071228491,0.80874911619543,0.0211944711333297,0.5074,0.4968,0.4028,1,1,1
"117",117,100.912,12.2315486194478,0.808212404111149,0.0216531793146755,0.51,0.5012,0.4046,1,1,1
"118",118,100.9096,11.8285592637055,0.826474767075093,0.0211593905837472,0.5206,0.5046,0.4156,1,1,1
"119",119,100.9352,12.0646268107243,0.823629699440744,0.0214392683823803,0.5234,0.4992,0.4178,1,1,1
"120",120,100.9044,12.1593243697479,0.811387039877732,0.0215283546984111,0.526,0.5066,0.4204,1,1,1
"121",121,100.914,11.9881992797119,0.813135820172632,0.0217445073778266,0.5242,0.5052,0.4186,1,1,1
"122",122,100.9684,11.8961599039616,0.818010846667708,0.0218481742484556,0.5202,0.4982,0.4144,1,1,1
"123",123,101.0932,12.496712444978,0.790825728943056,0.0228758785122517,0.5178,0.4974,0.4134,1,1,1
"124",124,101.0684,12.1998013605442,0.793062407788664,0.0223933171533981,0.5322,0.5036,0.4054,1,1,1
"125",125,100.9884,12.2259558223289,0.782231556400209,0.0226386072436417,0.5362,0.5122,0.3964,1,1,1
"126",126,100.9336,11.9347649459784,0.796261238432581,0.0227369865998112,0.531,0.5106,0.3942,1,1,1
"127",127,100.948,11.5315086034414,0.805732957077083,0.0227306303672246,0.521,0.5192,0.3998,1,1,1
"128",128,100.9344,11.430668907563,0.80706286062009,0.0231611956577011,0.5068,0.507,0.4008,1,1,1
"129",129,100.8772,11.3138456982793,0.81040364145107,0.0234897170772317,0.5194,0.512,0.4094,1,1,1
"130",130,101.0208,11.472156222489,0.837602244526951,0.0236527940441189,0.5174,0.5142,0.4068,1,1,1
"131",131,100.9264,12.4075460584234,0.807114450894255,0.023702058354394,0.5142,0.5152,0.4084,1,1,1
"132",132,100.9976,12.2448921968788,0.797965917997033,0.02375017499629,0.5156,0.5214,0.4004,1,1,1
"133",133,100.876,12.1318767507003,0.802038158743646,0.0237818704902923,0.5154,0.517,0.4148,1,1,1
"134",134,100.9752,12.0722138455382,0.793573410622346,0.0241911833975284,0.5004,0.5048,0.402,1,1,1
"135",135,101.0712,12.3358649059624,0.789512722712145,0.0242632171507247,0.5024,0.4988,0.4068,1,1,1
"136",136,101.0192,11.6963098839536,0.800587677783231,0.0249339815340901,0.4946,0.4996,0.389,1,1,1
"137",137,100.9024,11.2549762304922,0.797743096739005,0.0249779157894988,0.4954,0.4882,0.3828,1,1,1
"138",138,101.0436,12.1369538215286,0.787364492204145,0.025025426310089,0.499,0.4908,0.3826,1,1,1
"139",139,101.1288,11.8745603841537,0.785547081216433,0.0253130978006013,0.498,0.4904,0.385,1,1,1
"140",140,101.0744,11.6735340536214,0.790935094778852,0.0250300981054592,0.5018,0.4948,0.3904,1,1,1
"141",141,100.9996,12.1372547418968,0.804595230023345,0.0253881465501656,0.508,0.5024,0.3964,1,1,1
"142",142,101.052,12.0076990796319,0.803527895267942,0.0259427414301278,0.4982,0.5082,0.403,1,1,1
"143",143,101.006,11.7594677871148,0.796071393691953,0.0258625204891785,0.493,0.5154,0.405,1,1,1
"144",144,100.9352,11.9789925570228,0.829548796882727,0.0263384193091051,0.5032,0.5188,0.4024,1,1,1
"145",145,101.0584,12.448768947579,0.803669837730716,0.0263824729097972,0.5078,0.5186,0.3924,1,1,1
"146",146,101.0168,12.1453759103641,0.833660866865698,0.0261779662601588,0.5,0.5242,0.4044,1,1,1
"147",147,101.014,11.9353781512605,0.826892371920148,0.0263455680181174,0.5038,0.539,0.4012,1,1,1
"148",148,101.0488,12.0240281712685,0.816931432853485,0.0277857940463279,0.4978,0.5334,0.406,1,1,1
"149",149,101.0884,12.0341991196479,0.815294770370248,0.0268067399586946,0.4994,0.5264,0.4108,1,1,1
"150",150,101.1152,11.8890845938375,0.800703517382272,0.0269182816413407,0.4906,0.5346,0.4126,1,1,1
"151",151,101.104,11.6754541816727,0.810610892978569,0.0273367778177658,0.4902,0.5398,0.4128,1,1,1
"152",152,100.986,11.6384593837535,0.812767428435274,0.0276811999776732,0.4894,0.542,0.416,1,1,1
"153",153,100.9688,11.9710149659864,0.793917162805248,0.0276202325062668,0.4894,0.5472,0.404,1,1,1
"154",154,100.9316,11.930093477391,0.800399939575968,0.0279268040639853,0.4914,0.5554,0.4002,1,1,1
"155",155,100.886,12.098643457383,0.791998759033965,0.0282023170679628,0.4986,0.5458,0.3896,1,1,1
"156",156,100.8824,11.4747601440576,0.795727418950671,0.0279567557615099,0.5052,0.553,0.39,1,1,1
"157",157,100.9456,11.7201286914766,0.791698788377797,0.0289483739380997,0.5094,0.5782,0.401,1,1,1
"158",158,100.9364,11.7650610644258,0.80662876313979,0.0286747854070575,0.5126,0.5768,0.407,1,1,1
"159",159,100.8912,12.1122074429772,0.806516196372994,0.028502620905447,0.517,0.577,0.4036,1,1,1
"160",160,100.836,11.7778151260504,0.810713449910916,0.0293549425174388,0.5224,0.575,0.3934,1,1,1
"161",161,100.7928,11.6329213285314,0.803322320354882,0.0293584191044409,0.526,0.5896,0.3982,1,1,1
"162",162,100.7448,11.7051550220088,0.791465086211353,0.0289852910780182,0.523,0.595,0.3958,1,1,1
"163",163,100.5864,11.3758853941577,0.807515329352217,0.0297082690319181,0.5272,0.5882,0.3936,1,1,1
"164",164,100.5724,11.8935156462585,0.777709480952487,0.0294970115731153,0.521,0.5958,0.399,1,1,1
"165",165,100.5568,11.8843274909964,0.798602713503418,0.0298938908263983,0.515,0.6028,0.397,1,1,1
"166",166,100.6432,12.0927308523409,0.800292937055066,0.0302614267907074,0.5146,0.5974,0.41,1,1,1
"167",167,100.6608,12.0025443777511,0.79363463230472,0.0298505153069891,0.5076,0.6048,0.4042,1,1,1
"168",168,100.6916,11.6947673469388,0.802227347201545,0.0303961971382177,0.505,0.6058,0.4084,1,1,1
"169",169,100.746,11.9454621848739,0.784522749283039,0.0309382316223632,0.5004,0.6128,0.4006,1,1,1
"170",170,100.6724,12.351618887555,0.788240695256022,0.0309952819593585,0.496,0.6088,0.396,1,1,1
"171",171,100.65,11.7233893557423,0.811801991688498,0.0313767996745376,0.5,0.6018,0.3902,1,1,1
"172",172,100.6584,11.7119942376951,0.817070399396567,0.0311031282971342,0.5082,0.6054,0.3832,1,1,1
"173",173,100.5624,11.4634916366547,0.785501063668708,0.0311613846986821,0.5018,0.5982,0.399,1,1,1
"174",174,100.5908,11.6031966386555,0.831446498350808,0.0313405798335804,0.5062,0.6024,0.3928,1,1,1
"175",175,100.5776,11.7990978791517,0.816848824410773,0.0317029281129457,0.506,0.5958,0.3794,1,1,1
"176",176,100.6032,12.0569725490196,0.792030197938729,0.031593736576411,0.5112,0.5978,0.3824,1,1,1
"177",177,100.5664,11.5638165666267,0.825362062707115,0.0323052723481169,0.5074,0.5904,0.3776,1,1,1
"178",178,100.5624,12.3382415366146,0.789972969973054,0.0320560317645825,0.507,0.5882,0.3818,1,1,1
"179",179,100.5192,11.8143571028411,0.792114899681339,0.0325769469763217,0.5122,0.5828,0.3736,1,1,1
"180",180,100.6296,12.0388193677471,0.787052113820831,0.0328826979532458,0.5118,0.5926,0.388,1,1,1
"181",181,100.698,11.5810284113645,0.814186328802159,0.0328647259599958,0.516,0.6104,0.396,1,1,1
"182",182,100.6884,11.4983047619048,0.800312502179454,0.0328714800061749,0.5158,0.6186,0.405,1,1,1
"183",183,100.708,11.5913725490196,0.807504912513757,0.0332151815670171,0.5202,0.621,0.4192,1,1,1
"184",184,100.8024,11.6328073629452,0.797617214957066,0.0331764731174775,0.5108,0.6214,0.4066,1,1,1
"185",185,100.7704,11.7679910364146,0.796615649801408,0.0337350133678146,0.513,0.6196,0.4014,1,1,1
"186",186,100.6148,11.5606452180872,0.77747226239022,0.0336008401647623,0.503,0.6168,0.4038,1,1,1
"187",187,100.7088,11.8903587034814,0.796957437553759,0.0343566737423598,0.5132,0.6158,0.4016,1,1,1
"188",188,100.7256,11.6117493397359,0.806991315277744,0.033846202989216,0.5194,0.5958,0.4008,1,1,1
"189",189,100.6764,11.7595868747499,0.8141475000163,0.034290637378048,0.525,0.5892,0.3982,1,1,1
"190",190,100.7132,11.3098697078832,0.814212705689065,0.0342220113335258,0.5184,0.5936,0.394,1,1,1
"191",191,100.598,11.4705842336935,0.785712410853798,0.0342809750986478,0.5204,0.6132,0.391,1,1,1
"192",192,100.5916,11.8135348539416,0.80624586994775,0.0350684398051192,0.518,0.6134,0.3954,1,1,1
"193",193,100.5496,11.9035012404962,0.801423973313799,0.0349973696384489,0.508,0.6048,0.3948,1,1,1
"194",194,100.4404,11.7095316526611,0.809914207308482,0.0349671538159646,0.5166,0.6144,0.395,1,1,1
"195",195,100.5324,12.0329634253701,0.785212672900567,0.0355154760141451,0.5186,0.6158,0.3926,1,1,1
"196",196,100.4176,12.4417869547819,0.794602767855691,0.0356468785226529,0.5264,0.6244,0.395,1,1,1
"197",197,100.3816,11.8215100440176,0.823725835112002,0.035591972476878,0.5272,0.6182,0.383,1,1,1
"198",198,100.44,12.0200080032013,0.792511032691924,0.0359538263105928,0.5198,0.6174,0.3862,1,1,1
"199",199,100.488,11.1351100440176,0.829034335442583,0.0360025522128695,0.522,0.6238,0.3826,1,1,1
"200",200,100.442,11.0958743497399,0.816797392150124,0.035944081497401,0.5142,0.633,0.3854,1,1,1
"201",201,100.3428,11.9996880352141,0.767108431296953,0.0360435309995567,0.511,0.6188,0.3874,1,1,1
"202",202,100.3152,11.6709173269308,0.803353251943631,0.0365416113763072,0.5076,0.625,0.3896,1,1,1
"203",203,100.2388,11.7208629051621,0.805527090064114,0.0364118313671997,0.5096,0.6214,0.387,1,1,1
"204",204,100.2832,12.0005979991997,0.785737074647047,0.036987791796483,0.4976,0.617,0.3832,1,1,1
"205",205,100.216,11.9741336534614,0.798124862983301,0.0374690798737926,0.5026,0.609,0.3722,1,1,1
"206",206,100.2512,12.2265891956783,0.800738400800486,0.0372452946744803,0.5102,0.6054,0.3772,1,1,1
"207",207,100.2356,11.986487234894,0.798812492322454,0.0372457558733606,0.5158,0.609,0.3676,1,1,1
"208",208,100.2916,12.3042911564626,0.797593487036519,0.0374539163937782,0.526,0.6016,0.3674,1,1,1
"209",209,100.2312,12.086581192477,0.814490503598182,0.0377126155331946,0.531,0.5966,0.3694,1,1,1
"210",210,100.202,12.2476950780312,0.781061790133561,0.0379463336152941,0.5188,0.5936,0.3664,1,1,1
"211",211,100.262,12.3975150060024,0.796673099560736,0.0380217894672513,0.518,0.5906,0.3642,1,1,1
"212",212,100.2608,11.9887788715486,0.796748769851429,0.0387020215319855,0.5212,0.595,0.3578,1,1,1
"213",213,100.2764,12.4241727090836,0.797052317134836,0.0388826518374501,0.52,0.5904,0.3636,1,1,1
"214",214,100.4272,11.4396760304122,0.803186864259176,0.0388658909727831,0.5292,0.5842,0.3624,1,1,1
"215",215,100.3752,11.9488044817927,0.797633108764033,0.0392239490334918,0.5234,0.5906,0.3598,1,1,1
"216",216,100.3904,12.1788593837535,0.803954093648906,0.0391228063516301,0.5224,0.5966,0.36,1,1,1
"217",217,100.3548,11.8992766706683,0.81329837878511,0.0393065583992933,0.5248,0.6086,0.3544,1,1,1
"218",218,100.2296,11.4806761104442,0.810961018562932,0.0395955144733741,0.5174,0.6102,0.3536,1,1,1
"219",219,100.3,11.4401760704282,0.819590136066319,0.0397935958449553,0.5258,0.601,0.3468,1,1,1
"220",220,100.23,11.9250700280112,0.803968544415829,0.0398335648658516,0.5158,0.6036,0.3462,1,1,1
"221",221,100.2452,12.3220057623049,0.813936283142295,0.0399117943258462,0.5172,0.6094,0.3514,1,1,1
"222",222,100.3456,12.535174709884,0.785537012875838,0.040261791212416,0.517,0.6188,0.3378,1,1,1
"223",223,100.3504,11.4650058423369,0.809519857869361,0.0408407552899884,0.516,0.61,0.3394,1,1,1
"224",224,100.4588,12.4084659463786,0.779849449234926,0.0406444010293145,0.5124,0.609,0.3498,1,1,1
"225",225,100.3156,11.7679038015206,0.818503171770492,0.0411336295223261,0.508,0.6138,0.3376,1,1,1
"226",226,100.3556,11.6081919167667,0.788175931669124,0.0410502941441687,0.5022,0.6194,0.3324,1,1,1
"227",227,100.3172,11.7444819527811,0.784059334869407,0.0408674690076563,0.4982,0.6212,0.3336,1,1,1
"228",228,100.1996,11.4795516606643,0.805650101517044,0.0412347027611864,0.4954,0.6126,0.342,1,1,1
"229",229,100.2372,12.128987755102,0.796459494727417,0.0415914934182604,0.502,0.6152,0.3448,1,1,1
"230",230,100.21,11.9650860344138,0.800286601506651,0.0415473106474088,0.513,0.6094,0.3482,1,1,1
"231",231,100.0908,11.8272862745098,0.792696309268963,0.0415114515814429,0.5126,0.6038,0.3362,1,1,1
"232",232,100.0512,11.7004587434974,0.807836033448294,0.0420153933628442,0.508,0.6048,0.336,1,1,1
"233",233,100.0988,11.652899719888,0.780701373272699,0.0419339463824205,0.4964,0.6052,0.3352,1,1,1
"234",234,100.1452,11.1237664665866,0.783088733896475,0.0421084211611181,0.4976,0.606,0.33,1,1,1
"235",235,100.1596,11.3506681072429,0.818102060094539,0.0430241650447289,0.4932,0.6022,0.3288,1,1,1
"236",236,100.1776,11.1281094837935,0.788190544048933,0.0427695265467961,0.4862,0.5996,0.322,1,1,1
"237",237,100.1932,11.5164803521409,0.801721703383238,0.0427488325818998,0.4844,0.6026,0.3302,1,1,1
"238",238,100.2248,11.9238344937975,0.80756826079082,0.0427633327314372,0.4774,0.5978,0.3216,1,1,1
"239",239,100.1456,12.4213691876751,0.788442342015149,0.0429626666267747,0.4756,0.5914,0.3158,1,1,1
"240",240,100.0268,11.5539033213285,0.821897329830145,0.0435465602715248,0.474,0.591,0.3082,1,1,1
"241",241,99.9456,12.5484600240096,0.778552268096037,0.0431339974830062,0.4622,0.5962,0.3036,1,1,1
"242",242,99.936,11.9654901960784,0.803345943516368,0.0434203319341482,0.47,0.5966,0.2992,1,1,1
"243",243,100.0084,12.0659558223289,0.810269138443141,0.0436970183983354,0.4606,0.5938,0.292,1,1,1
"244",244,99.9352,11.8437384553822,0.804515180983649,0.0440949672518833,0.4632,0.5828,0.282,1,1,1
"245",245,99.9692,11.5200593837535,0.823090772883087,0.044333871195578,0.4664,0.5838,0.2868,1,1,1
"246",246,100.0328,11.893281472589,0.820116679646803,0.0440705402794646,0.4674,0.589,0.2958,1,1,1
"247",247,100.0228,12.0398961184474,0.808176672750969,0.0443092216630916,0.4686,0.5914,0.2814,1,1,1
"248",248,100.0672,13.0094879551821,0.778824986857254,0.0450266373093193,0.466,0.588,0.2738,1,1,1
"249",249,99.7868,12.35428747499,0.818927269228876,0.0446594822048558,0.4728,0.5856,0.266,1,1,1
"250",250,99.926,12.1958023209284,0.824321359070075,0.0450088628771979,0.4702,0.5846,0.2606,1,1,1
"251",251,99.8632,12.1853599039616,0.816143161765003,0.0449693593463026,0.4776,0.5866,0.259,1,1,1
"252",252,99.8436,11.823868587435,0.816408380284187,0.045491250892434,0.484,0.5792,0.2602,1,1,1
"253",253,99.9096,11.5532491396559,0.828514650620173,0.0456478554353761,0.4774,0.5692,0.253,1,1,1
"254",254,99.926,12.251824729892,0.789299856845686,0.0459692574372786,0.4782,0.5648,0.2454,1,1,1
"255",255,100.0116,11.7961839135654,0.825615500425874,0.0457885716910631,0.4776,0.5616,0.2332,1,1,1
"256",256,100.0464,11.7089306122449,0.834075354581716,0.0458256705234956,0.4804,0.5506,0.2384,1,1,1
"257",257,99.9412,12.1297944777911,0.795679797430727,0.0463494198148303,0.4804,0.549,0.2336,1,1,1
"258",258,99.8816,12.1836549019608,0.81093464799053,0.0464192504958121,0.474,0.5596,0.2428,1,1,1
"259",259,99.8052,11.8495927971188,0.797860811942067,0.0466474079990703,0.4616,0.5628,0.2444,1,1,1
"260",260,99.8972,11.6144779511805,0.814758293628941,0.0468011029331834,0.4516,0.5656,0.2284,1,1,1
"261",261,99.8568,11.8794455382153,0.800357482229504,0.0467992990921,0.4468,0.573,0.2246,1,1,1
"262",262,99.8048,11.9098609043617,0.805488945803596,0.047275979735763,0.4512,0.569,0.229,1,1,1
"263",263,99.6452,11.9520977991196,0.810003641185728,0.0471403605441852,0.4458,0.57,0.233,1,1,1
"264",264,99.5692,12.1820841936775,0.817717123044171,0.0474729966320643,0.4414,0.5696,0.2294,1,1,1
"265",265,99.5892,12.4030045618247,0.79917493045451,0.0477741379769638,0.4398,0.5688,0.2316,1,1,1
"266",266,99.674,11.2586274509804,0.840532412829288,0.0480603814647599,0.4338,0.5724,0.2264,1,1,1
"267",267,99.5444,11.3325616646659,0.798983516694216,0.0478597540771228,0.434,0.5852,0.2266,1,1,1
"268",268,99.5692,11.65947515006,0.791010575395534,0.048443043870451,0.4266,0.6038,0.216,1,1,1
"269",269,99.6244,11.6904008003201,0.787044388203212,0.0484614905062835,0.4178,0.6096,0.2206,1,1,1
"270",270,99.5144,11.4207609443778,0.818031045418659,0.0483023163080518,0.428,0.6064,0.2234,1,1,1
"271",271,99.6156,11.3395724689876,0.799293557466613,0.0487065136907547,0.4298,0.6118,0.2224,1,1,1
"272",272,99.6564,12.0807713485394,0.767391803594265,0.0489402471974914,0.4264,0.6096,0.2204,1,1,1
"273",273,99.6092,11.654737254902,0.78208614781012,0.0498836643077851,0.4276,0.6122,0.228,1,1,1
"274",274,99.676,12.1670908363345,0.814557284917627,0.0492267036313654,0.4264,0.6232,0.2362,1,1,1
"275",275,99.6224,11.8277493397359,0.823930874693466,0.0494726383536476,0.4252,0.6258,0.2268,1,1,1
"276",276,99.5132,11.7673326930772,0.788659609621041,0.0493680673714315,0.4238,0.6144,0.233,1,1,1
"277",277,99.4156,11.3065992797119,0.807985517252695,0.0497483962744032,0.4182,0.6188,0.238,1,1,1
"278",278,99.428,12.053637454982,0.801172828931905,0.0502315325551432,0.416,0.6206,0.2386,1,1,1
"279",279,99.3424,11.3537037214886,0.803021654574567,0.0499192908258201,0.4096,0.6258,0.2412,1,1,1
"280",280,99.4304,11.5609802320928,0.817382874911543,0.0509431038813076,0.4024,0.6224,0.2442,1,1,1
"281",281,99.4112,11.464300280112,0.806579308027721,0.0503463859085728,0.3984,0.6182,0.2438,1,1,1
"282",282,99.538,11.6316086434574,0.823838452644011,0.0509572545556122,0.3982,0.6196,0.2466,1,1,1
"283",283,99.432,11.7508763505402,0.801570226769972,0.0507310548214116,0.392,0.6062,0.2466,1,1,1
"284",284,99.4248,11.5233543017207,0.81273320943465,0.0512037038312765,0.3926,0.6094,0.2512,1,1,1
"285",285,99.386,11.4023649459784,0.787577340336788,0.0512642477171859,0.385,0.6052,0.248,1,1,1
"286",286,99.3792,10.9733967186875,0.80869310675711,0.0515486523141787,0.3844,0.613,0.2494,1,1,1
"287",287,99.3948,11.151393517407,0.79132488476005,0.0513793977474435,0.3934,0.611,0.247,1,1,1
"288",288,99.3284,12.0309658263305,0.789702666557695,0.0523062190313548,0.4048,0.6094,0.2346,1,1,1
"289",289,99.2592,11.6294671468587,0.79694731942822,0.0519208099563731,0.3964,0.6114,0.2404,1,1,1
"290",290,99.2776,12.0813707883153,0.799141009468621,0.0525478274805189,0.3984,0.612,0.246,1,1,1
"291",291,99.208,12.0599599839936,0.793989164452396,0.0523154337059981,0.395,0.617,0.2468,1,1,1
"292",292,99.192,11.3404721888755,0.821192159165331,0.0526836746953151,0.396,0.6036,0.254,1,1,1
"293",293,99.1188,11.4692742697079,0.810431911188682,0.0527826182213923,0.402,0.6082,0.2544,1,1,1
"294",294,99.148,11.6691636654662,0.800413480359546,0.0527838020420949,0.402,0.6162,0.2484,1,1,1
"295",295,99.2032,10.7590133653461,0.814359285879975,0.0530615273004665,0.4086,0.6196,0.2536,1,1,1
"296",296,99.2872,11.8638617046819,0.786978040697428,0.0533430342294581,0.4038,0.6208,0.2474,1,1,1
"297",297,99.2664,11.8969898359344,0.816091295851581,0.0539114830646249,0.3972,0.6146,0.2454,1,1,1
"298",298,99.3456,11.7452587434974,0.81437882680192,0.0545676675854917,0.3936,0.613,0.2372,1,1,1
"299",299,99.3032,11.6079129251701,0.771028127850748,0.0541993468327497,0.3876,0.6186,0.2426,1,1,1
"300",300,99.316,12.0801760704282,0.794756336548259,0.0538954596483533,0.3856,0.6234,0.2406,1,1,1
"301",301,99.3068,11.7805859943978,0.799732703656293,0.0540986622930603,0.3728,0.632,0.2368,1,1,1
"302",302,99.2036,11.9597309323729,0.80198586643007,0.0544601244039021,0.3766,0.6334,0.2422,1,1,1
"303",303,99.2184,11.7666080832333,0.817930336270527,0.0542431570546562,0.3686,0.627,0.2458,1,1,1
"304",304,99.3496,11.1718485794318,0.782464711077652,0.0543530901805271,0.3596,0.6292,0.2582,1,1,1
"305",305,99.3416,11.022918607443,0.794712211091957,0.0551781177088931,0.3636,0.6256,0.253,1,1,1
"306",306,99.2968,11.6493695078031,0.822948724142353,0.0549688759778844,0.369,0.6256,0.2558,1,1,1
"307",307,99.264,11.974293717487,0.801576058623649,0.0550807481624786,0.3772,0.6242,0.2532,1,1,1
"308",308,99.3528,11.8690797919168,0.795353322272461,0.0557056848091147,0.3862,0.6208,0.2506,1,1,1
"309",309,99.5444,11.5974676270508,0.812462060165499,0.0553434396977472,0.3738,0.622,0.253,1,1,1
"310",310,99.4492,11.7025003601441,0.793120730836794,0.0559983659219848,0.366,0.6132,0.2604,1,1,1
"311",311,99.3692,11.9704795518207,0.816374538345104,0.0561246377772358,0.3748,0.605,0.2592,1,1,1
"312",312,99.5072,11.2568509003601,0.814423090157921,0.0567378081021497,0.3734,0.608,0.2626,1,1,1
"313",313,99.4196,11.9387113245298,0.773715518819146,0.055893503489054,0.3686,0.6028,0.263,1,1,1
"314",314,99.456,11.7863785514206,0.816432259483889,0.0562869391904244,0.3702,0.5984,0.2682,1,1,1
"315",315,99.3992,11.4612238495398,0.809025462768866,0.0565213486494367,0.3652,0.5968,0.2656,1,1,1
"316",316,99.4064,11.4218077631052,0.79941602413888,0.0566101058793487,0.361,0.6056,0.2668,1,1,1
"317",317,99.4788,11.3292822729092,0.819879193877803,0.0568814401659789,0.3684,0.6098,0.2574,1,1,1
"318",318,99.4136,11.3758853941577,0.796515431841502,0.0574413739113206,0.3688,0.6022,0.2408,1,1,1
"319",319,99.3736,11.3265536614646,0.790673169306675,0.0568629668295519,0.3692,0.6008,0.2418,1,1,1
"320",320,99.4312,11.8876216086435,0.798601592644662,0.0585511847995728,0.3638,0.5942,0.2528,1,1,1
"321",321,99.4288,11.8184579431773,0.788912524512494,0.0576689923934992,0.365,0.6026,0.2726,1,1,1
"322",322,99.4416,11.4143551820728,0.773953437654324,0.0577423458320504,0.3638,0.602,0.2726,1,1,1
"323",323,99.5404,10.8086913165266,0.801163393193026,0.0580806141636642,0.3686,0.5982,0.2708,1,1,1
"324",324,99.638,11.2618607442977,0.788840917885159,0.0579731057656603,0.367,0.5964,0.2754,1,1,1
"325",325,99.7136,10.9647609443778,0.802738312137173,0.0585466771573074,0.3724,0.593,0.2764,1,1,1
"326",326,99.698,11.6330492196879,0.780955860120347,0.0587329699637921,0.3674,0.59,0.2684,1,1,1
"327",327,99.5344,10.9035780712285,0.800374350573511,0.058551872498567,0.3648,0.5888,0.263,1,1,1
"328",328,99.598,11.072024809924,0.813462059872804,0.058941733876484,0.363,0.5878,0.2668,1,1,1
"329",329,99.6196,11.2321887154862,0.816243215936637,0.0588813802999478,0.3614,0.5886,0.266,1,1,1
"330",330,99.4512,11.3209469387755,0.804588634798605,0.0591175914998383,0.372,0.5754,0.27,1,1,1
"331",331,99.4908,11.2992350540216,0.806465596491136,0.0590311414958265,0.3592,0.5684,0.2544,1,1,1
"332",332,99.5164,11.3014516206483,0.828400560016165,0.0597300580782529,0.3602,0.562,0.2534,1,1,1
"333",333,99.6388,11.3256648259304,0.808935177959761,0.0597665943826829,0.3658,0.5648,0.2636,1,1,1
"334",334,99.758,11.6048779511805,0.794302129715292,0.0597363893458648,0.3578,0.5648,0.271,1,1,1
"335",335,99.7012,11.6037600640256,0.773049858367859,0.0598918297237259,0.349,0.5644,0.2702,1,1,1
"336",336,99.7272,11.1156264105642,0.816778764210048,0.060298667075638,0.346,0.5542,0.2858,1,1,1
"337",337,99.8092,11.1980745898359,0.785599582366894,0.0601628215852713,0.3546,0.5574,0.2912,1,1,1
"338",338,99.7924,11.1905784713886,0.773177928686623,0.0604225949647647,0.3446,0.5502,0.295,1,1,1
"339",339,99.6844,11.587031452581,0.792449794742999,0.0605990003540455,0.3344,0.5392,0.3038,1,1,1
"340",340,99.7284,11.7609378151261,0.806582745093908,0.0607219346044323,0.3336,0.5362,0.3008,1,1,1
"341",341,99.6844,11.4813891956783,0.796218049917455,0.0612977386728596,0.3264,0.5302,0.2986,1,1,1
"342",342,99.6628,11.0022970788315,0.800947893292348,0.0612314532836479,0.3228,0.5402,0.2994,1,1,1
"343",343,99.7288,12.0016512204882,0.782577390044608,0.0615778992631997,0.3208,0.5376,0.2984,1,1,1
"344",344,99.7136,11.7842887555022,0.788607110906439,0.0617386239523585,0.31,0.5336,0.3044,1,1,1
"345",345,99.7972,11.162937334934,0.815490625376082,0.0620249712878386,0.3098,0.5352,0.2978,1,1,1
"346",346,99.7848,11.2533903161265,0.802688823056886,0.0619014163329769,0.3132,0.536,0.305,1,1,1
"347",347,99.7736,11.0227521408563,0.814750454529323,0.0620223756682128,0.3088,0.5198,0.3118,1,1,1
"348",348,99.8564,11.1202271308523,0.787516193736791,0.0621428766631587,0.3058,0.517,0.3138,1,1,1
"349",349,99.8192,11.6199593437375,0.784781455914411,0.0622966123476196,0.303,0.5026,0.325,1,1,1
"350",350,99.714,11.5648299319728,0.806826675377009,0.0624025433475702,0.2942,0.5168,0.3318,1,1,1
"351",351,99.644,11.4826570628251,0.776525602226996,0.0630765105118219,0.3,0.5072,0.3272,1,1,1
"352",352,99.608,11.1812084833934,0.813470494426995,0.0632056855065952,0.3142,0.5144,0.3266,1,1,1
"353",353,99.5316,11.7208897959184,0.790761740265879,0.0631833265283088,0.3158,0.5238,0.3354,1,1,1
"354",354,99.5792,10.93210020008,0.791464314131644,0.0633757802476235,0.3164,0.5218,0.33,1,1,1
"355",355,99.4056,11.2840022408964,0.787717979385278,0.063380149993427,0.3176,0.5212,0.3256,1,1,1
"356",356,99.552,11.2301880752301,0.77304076647007,0.0634323092507357,0.312,0.5232,0.3306,1,1,1
"357",357,99.5248,11.2522858743497,0.777171671674633,0.0638015441759074,0.326,0.5152,0.3288,1,1,1
"358",358,99.4468,10.9419465386154,0.805489880596656,0.0639616454020239,0.327,0.5258,0.3256,1,1,1
"359",359,99.4048,11.7152230492197,0.761549994715187,0.0639382695073811,0.3252,0.5214,0.3228,1,1,1
"360",360,99.3808,11.193868907563,0.796617641944736,0.0642628359982827,0.337,0.525,0.3212,1,1,1
"361",361,99.3744,11.2115092436975,0.800904758249911,0.0644249763507019,0.3316,0.5254,0.3298,1,1,1
"362",362,99.4596,12.0795996798719,0.778258938351563,0.0648064780690427,0.3392,0.5174,0.3348,1,1,1
"363",363,99.3636,11.5224040016006,0.793074018792402,0.0648409133570042,0.3358,0.5158,0.3498,1,1,1
"364",364,99.3832,11.2680649859944,0.788695681177028,0.0647464626116151,0.3418,0.5196,0.351,1,1,1
"365",365,99.2744,11.4989042016807,0.777846096830091,0.0652901386656321,0.3518,0.5314,0.3566,1,1,1
"366",366,99.2184,11.1783727891156,0.804054831541453,0.0652268490534361,0.3564,0.5232,0.3616,1,1,1
"367",367,99.2032,11.1135551820728,0.809713846953655,0.065368711800115,0.3542,0.5108,0.3728,1,1,1
"368",368,99.3216,11.0682007202881,0.77532815422511,0.0656746857920984,0.349,0.5134,0.3684,1,1,1
"369",369,99.324,10.9946218487395,0.787692683970773,0.0657177149116881,0.3554,0.4988,0.3728,1,1,1
"370",370,99.3304,11.7651418967587,0.766562066461646,0.0661646949626006,0.3624,0.4924,0.3672,1,1,1
"371",371,99.306,11.9355382152861,0.772107925360019,0.0662374604557154,0.3586,0.4954,0.3656,1,1,1
"372",372,99.3608,11.473612805122,0.792397290923296,0.0663946463025867,0.3608,0.5168,0.3678,1,1,1
"373",373,99.322,11.6541776710684,0.802191143391708,0.0666218000482591,0.3596,0.505,0.367,1,1,1
"374",374,99.42,11.71868747499,0.807897230664163,0.0664991880491344,0.3524,0.509,0.3648,1,1,1
"375",375,99.4264,11.4451611044418,0.779189994848374,0.0676187988232617,0.3482,0.512,0.3626,1,1,1
"376",376,99.496,11.5802160864346,0.798529539416759,0.0670644981677878,0.3512,0.5062,0.3616,1,1,1
"377",377,99.4252,11.58103737495,0.819583270694428,0.0673524313394386,0.3406,0.5164,0.3652,1,1,1
"378",378,99.3404,11.93090020008,0.805271448440217,0.0674669418110279,0.3428,0.5154,0.3686,1,1,1
"379",379,99.4424,12.1179294117647,0.818571983871877,0.0675794455517935,0.3454,0.5074,0.368,1,1,1
"380",380,99.4536,12.086281552621,0.802917912720495,0.0676439580445354,0.3404,0.5128,0.3688,1,1,1
"381",381,99.346,12.0895198079232,0.789826514288665,0.0678645807328404,0.3526,0.5118,0.3806,1,1,1
"382",382,99.332,11.3687234893958,0.798089209459621,0.068494966952495,0.3518,0.509,0.378,1,1,1
"383",383,99.3852,11.9447988795518,0.79391908873165,0.0682653232782536,0.354,0.5096,0.3886,1,1,1
"384",384,99.4244,11.8362191276511,0.815623301185302,0.0684396214754933,0.3542,0.507,0.39,1,1,1
"385",385,99.3364,11.5326480992397,0.821590230003326,0.0688875340563414,0.3656,0.5106,0.3932,1,1,1
"386",386,99.4348,11.6063915166066,0.797639737931375,0.0694900968482034,0.372,0.5082,0.3808,1,1,1
"387",387,99.46,11.8739495798319,0.776865217537829,0.069076737856252,0.3692,0.5118,0.3772,1,1,1
"388",388,99.502,11.9755862344938,0.810620192675575,0.0691905335944685,0.3722,0.5242,0.3762,1,1,1
"389",389,99.6208,11.8137328531413,0.798331622006881,0.0694894308808059,0.3792,0.5146,0.3746,1,1,1
"390",390,99.638,11.5803881552621,0.814808107565502,0.0697668528126804,0.382,0.516,0.3808,1,1,1
"391",391,99.752,11.5423129251701,0.798731892398621,0.0696093563389104,0.3782,0.5124,0.3824,1,1,1
"392",392,99.6796,11.3454820328131,0.79175068025026,0.0700538332877377,0.395,0.5178,0.3712,1,1,1
"393",393,99.6944,11.7200966786715,0.809988306135602,0.0698476792373204,0.397,0.5212,0.3762,1,1,1
"394",394,99.6196,11.7620006402561,0.793008416806156,0.0701832265100756,0.389,0.5246,0.3576,1,1,1
"395",395,99.6704,11.2334572228892,0.796346260208458,0.0703546056334901,0.3926,0.525,0.3554,1,1,1
"396",396,99.6816,12.0410378551421,0.793275880441096,0.0705649733456218,0.3868,0.5334,0.3558,1,1,1
"397",397,99.8096,11.9285192476991,0.793474008923691,0.0706676183706178,0.3936,0.5372,0.3502,1,1,1
"398",398,99.8572,11.8375431772709,0.770743353283605,0.0713297632167947,0.4002,0.5418,0.3566,1,1,1
"399",399,99.8908,11.3130005602241,0.778137561419243,0.0709545551182941,0.4048,0.553,0.3526,1,1,1
"400",400,99.834,11.3021648659464,0.791715426685422,0.0710217550030585,0.404,0.5408,0.3472,1,1,1
"401",401,99.7412,11.6916992396959,0.761808485804788,0.0713461370195679,0.4,0.5374,0.34,1,1,1
"402",402,99.8288,11.2095743897559,0.807753778653976,0.0713966595624786,0.4002,0.5402,0.3394,1,1,1
"403",403,99.736,11.036318527411,0.79633261493211,0.0717901307573054,0.4024,0.5546,0.347,1,1,1
"404",404,99.7628,11.643993757503,0.794489626631765,0.0718149303190702,0.3984,0.5572,0.3424,1,1,1
"405",405,99.7712,11.7075335734294,0.811803581639515,0.072046544343789,0.3992,0.5624,0.3464,1,1,1
"406",406,99.838,12.6936334533814,0.769125388263251,0.0720931454893532,0.3912,0.5616,0.349,1,1,1
"407",407,99.716,11.2726530612245,0.829085606289731,0.0723664648166977,0.4024,0.5676,0.3484,1,1,1
"408",408,99.6916,11.5675164465786,0.795186764321427,0.0728181470959464,0.4088,0.5734,0.3604,1,1,1
"409",409,99.8324,12.1795820728291,0.797353895791774,0.0726589512897869,0.4128,0.5706,0.36,1,1,1
"410",410,99.7832,11.584031372549,0.806292709993235,0.0732820238585984,0.4158,0.564,0.3608,1,1,1
"411",411,99.7176,11.4640358543417,0.809496089753081,0.072776522796067,0.3996,0.5654,0.3666,1,1,1
"412",412,99.7092,11.802956542617,0.799115626389742,0.0730564257971216,0.397,0.5708,0.3698,1,1,1
"413",413,99.5836,11.5204192076831,0.795448078140747,0.0733880266688157,0.3994,0.5734,0.3728,1,1,1
"414",414,99.5784,11.2675604641857,0.806951675086787,0.0736656215973092,0.4006,0.5748,0.3694,1,1,1
"415",415,99.5236,11.8685904761905,0.78606779679715,0.0738523822240634,0.3942,0.578,0.3628,1,1,1
"416",416,99.5052,11.8827260504202,0.782211903604131,0.073941856881435,0.3938,0.5886,0.3698,1,1,1
"417",417,99.536,11.6997839135654,0.80635999474652,0.0743226070045718,0.3904,0.5948,0.3642,1,1,1
"418",418,99.5388,11.3946524209684,0.803197040358899,0.0744665647464025,0.394,0.5868,0.3618,1,1,1
"419",419,99.5244,11.4347785514206,0.764502372024024,0.0748871416936009,0.3944,0.5924,0.3594,1,1,1
"420",420,99.5356,11.6870074429772,0.7989475088256,0.0743954431229399,0.4004,0.595,0.3646,1,1,1
"421",421,99.5476,11.8756845138055,0.786964177471511,0.0749242876066688,0.4006,0.6022,0.3626,1,1,1
"422",422,99.4864,11.9898109643858,0.80780741348156,0.0749614114246419,0.4014,0.6004,0.3666,1,1,1
"423",423,99.3868,11.5586092036815,0.802442172994335,0.0748704422036042,0.4084,0.598,0.367,1,1,1
"424",424,99.4316,11.5315340536214,0.81943983128248,0.0754451812108955,0.4012,0.6028,0.3668,1,1,1
"425",425,99.4944,11.8114932372949,0.787621375800924,0.075755016670238,0.4072,0.6002,0.3576,1,1,1
"426",426,99.354,11.8038055222089,0.755162024441897,0.0755498465679792,0.4132,0.599,0.356,1,1,1
"427",427,99.3756,11.5087281312525,0.805763509182564,0.075674572730065,0.4112,0.6064,0.3594,1,1,1
"428",428,99.4004,11.612724929972,0.799223669019837,0.0759318155413621,0.4146,0.6096,0.3614,1,1,1
"429",429,99.342,11.2511364545818,0.814303640661972,0.0761358525169758,0.4148,0.6156,0.3516,1,1,1
"430",430,99.3736,11.5482423369348,0.788704008130882,0.0765412992627306,0.4184,0.6194,0.3552,1,1,1
"431",431,99.4176,11.0156164865946,0.806037262621552,0.0764346852592442,0.4152,0.616,0.3596,1,1,1
"432",432,99.4236,11.123012244898,0.810376661766897,0.0768271248735522,0.4094,0.6042,0.3576,1,1,1
"433",433,99.2444,11.7061511004402,0.786399803572007,0.0769253080063359,0.4068,0.6084,0.361,1,1,1
"434",434,99.382,10.9028371348539,0.806236996805792,0.0769485366305074,0.4062,0.612,0.3604,1,1,1
"435",435,99.1804,11.2795676670668,0.80884110636919,0.0769574251661326,0.393,0.6214,0.3616,1,1,1
"436",436,99.3388,11.8831678271309,0.797078548839602,0.0773386927964041,0.3962,0.6156,0.3554,1,1,1
"437",437,99.2596,11.7641134853942,0.823091187217468,0.0775549193083947,0.3884,0.6158,0.3666,1,1,1
"438",438,99.2128,12.1107604641857,0.82220977152381,0.0780370368776219,0.4002,0.6104,0.3618,1,1,1
"439",439,99.3532,11.734743657463,0.794701979167052,0.077695582386345,0.3976,0.6134,0.364,1,1,1
"440",440,99.452,11.7804081632653,0.791645653895956,0.0780501866148029,0.3962,0.6088,0.3642,1,1,1
"441",441,99.47,11.8250300120048,0.791670681793186,0.0780253985175544,0.4002,0.6142,0.366,1,1,1
"442",442,99.512,11.6393117246899,0.798814631047106,0.0783317971074465,0.3964,0.6104,0.368,1,1,1
"443",443,99.49,12.1195478191277,0.776512712654874,0.0787507535414557,0.3932,0.6094,0.3662,1,1,1
"444",444,99.3396,12.1499318127251,0.79740266402574,0.0787831665652551,0.3992,0.6194,0.3708,1,1,1
"445",445,99.374,11.6683913565426,0.813329039678922,0.0791546215701143,0.4046,0.6044,0.371,1,1,1
"446",446,99.3916,11.7181366946779,0.808700518879774,0.0788964994937424,0.3988,0.6038,0.365,1,1,1
"447",447,99.4004,11.551100280112,0.779205808581743,0.0797564460167482,0.4026,0.5978,0.3614,1,1,1
"448",448,99.338,11.70443777511,0.804748625526891,0.0792908796182257,0.4002,0.6032,0.3642,1,1,1
"449",449,99.3272,11.806462745098,0.799047505889165,0.079420227953533,0.4056,0.5988,0.3568,1,1,1
"450",450,99.3268,11.7911182072829,0.801801332792851,0.0799586313432196,0.4072,0.6042,0.3584,1,1,1
"451",451,99.1236,11.7882383353341,0.809591709339926,0.0801342980202056,0.4022,0.6198,0.351,1,1,1
"452",452,99.2748,11.8336184073629,0.784298438218982,0.0800194212677284,0.4096,0.622,0.3486,1,1,1
"453",453,99.2132,11.4979449379752,0.812477413887529,0.080232066813105,0.4122,0.6286,0.3428,1,1,1
"454",454,99.2032,11.5145155662265,0.805242191577356,0.0803966910041269,0.4086,0.619,0.339,1,1,1
"455",455,99.1092,11.4386508203281,0.812825931908149,0.0807068361714705,0.41,0.614,0.34,1,1,1
"456",456,99.3116,11.8664520208083,0.792690114213458,0.0805990523420825,0.4088,0.6076,0.3438,1,1,1
"457",457,99.2544,11.516687314926,0.813657733377378,0.0809152432688388,0.4118,0.5952,0.3494,1,1,1
"458",458,99.2704,11.3810362545018,0.781514946537295,0.0811667838859641,0.402,0.597,0.3398,1,1,1
"459",459,99.1316,11.3324144057623,0.789968211390461,0.0812718435276055,0.3984,0.6016,0.3398,1,1,1
"460",460,99.1792,11.0915239695878,0.810214508853658,0.0813867944955008,0.4,0.6116,0.3404,1,1,1
"461",461,99.142,11.3583793517407,0.817994045360528,0.0819539580158003,0.3922,0.6048,0.336,1,1,1
"462",462,99.0928,10.9149541416567,0.791830544174806,0.0821328765506159,0.3822,0.6144,0.3358,1,1,1
"463",463,99.136,10.7914205682273,0.815935769229628,0.0817574055776946,0.3848,0.617,0.3322,1,1,1
"464",464,99.048,10.8684433773509,0.795280159527309,0.0822317871941522,0.386,0.618,0.3344,1,1,1
"465",465,99.2412,11.3099465386154,0.809545680528725,0.082567410374059,0.3842,0.619,0.3248,1,1,1
"466",466,99.2296,11.3246136854742,0.814653980513275,0.0824956287446238,0.3956,0.628,0.3272,1,1,1
"467",467,99.1828,11.7652902761104,0.778495805602908,0.0828091164855608,0.3996,0.6288,0.3232,1,1,1
"468",468,99.076,11.0410404161665,0.790036605396723,0.0829870570250213,0.3966,0.6274,0.3168,1,1,1
"469",469,99.1836,10.975081072429,0.820625264823792,0.0830832198964192,0.4032,0.6282,0.3186,1,1,1
"470",470,99.1928,11.5042298519408,0.793640075402229,0.0832551080415426,0.394,0.6398,0.3128,1,1,1
"471",471,99.252,10.9800880352141,0.815873092694987,0.0833640864850472,0.3956,0.6472,0.3096,1,1,1
"472",472,99.2348,11.6115135654262,0.77153849766561,0.0835992140142292,0.394,0.6616,0.3186,1,1,1
"473",473,99.1844,11.3397325330132,0.795963479641938,0.0840198058702255,0.4046,0.6518,0.3068,1,1,1
"474",474,99.156,11.2377591036415,0.78918178723477,0.0836580255578486,0.4072,0.6586,0.3094,1,1,1
"475",475,99.2184,11.4456797118848,0.800469168814572,0.0839404831987696,0.4084,0.6588,0.3144,1,1,1
"476",476,99.1436,11.7316717086835,0.79597128366659,0.0841742717551918,0.4016,0.6552,0.3032,1,1,1
"477",477,99.1028,11.2487316526611,0.803845031958145,0.0844004164809037,0.4024,0.6472,0.3054,1,1,1
"478",478,99.1544,11.3815132452981,0.821384140782261,0.0843873711128191,0.3938,0.633,0.2994,1,1,1
"479",479,99.1764,11.3890386554622,0.794154131393919,0.0848885707436307,0.3886,0.631,0.3024,1,1,1
"480",480,99.3024,11.6996340936375,0.769769236822597,0.0852273634464469,0.384,0.6432,0.294,1,1,1
"481",481,99.2208,11.6823202881152,0.779022174548693,0.0847674098192639,0.3866,0.642,0.3022,1,1,1
"482",482,99.1532,11.1541914365746,0.778815647277177,0.0852469872216344,0.3918,0.648,0.2924,1,1,1
"483",483,99.1312,11.4929837535014,0.785055254965237,0.0856127912033523,0.4084,0.652,0.2922,1,1,1
"484",484,99.146,12.3472228891557,0.793196150728666,0.0858940528817984,0.4052,0.6504,0.2928,1,1,1
"485",485,99.0872,11.9331694277711,0.790127963020303,0.0860180453430062,0.4088,0.6628,0.2982,1,1,1
"486",486,99.1168,11.6654239295718,0.790304509335764,0.0860975629332733,0.4142,0.6758,0.2992,1,1,1
"487",487,99.192,11.4613205282113,0.7977285816833,0.0858099660470816,0.4094,0.6722,0.297,1,1,1
"488",488,99.18,11.4545818327331,0.763637044541485,0.0860980021193204,0.4242,0.6608,0.2992,1,1,1
"489",489,99.1128,11.1957544617847,0.790522949618643,0.0866340206746573,0.413,0.6606,0.301,1,1,1
"490",490,99.1664,11.7153971988796,0.777150228445907,0.0869622366787034,0.4158,0.6714,0.293,1,1,1
"491",491,99.2796,11.2227129251701,0.797073059651126,0.0865496734496859,0.4178,0.6736,0.2904,1,1,1
"492",492,99.0888,10.8812670668267,0.78887053793314,0.0869657224942052,0.422,0.6852,0.2948,1,1,1
"493",493,99.1212,10.8980697879152,0.798920936265448,0.0868740558696953,0.4238,0.6876,0.2854,1,1,1
"494",494,99.1348,12.1134743497399,0.75846584038033,0.0871171193862303,0.434,0.6898,0.2764,1,1,1
"495",495,99.1496,11.106862585034,0.812977708470445,0.0876464094475625,0.4272,0.6812,0.2804,1,1,1
"496",496,99.1392,11.3019441376551,0.786679570800824,0.0876182013705636,0.4344,0.686,0.28,1,1,1
"497",497,99.1864,10.8952131252501,0.824530537503142,0.087958171695398,0.426,0.6852,0.2798,1,1,1
"498",498,99.2032,11.3240393757503,0.794076453007096,0.0879651489065002,0.4254,0.69,0.2872,1,1,1
"499",499,99.2232,11.3459201280512,0.772675036026651,0.0882194908294416,0.4226,0.6884,0.2782,1,1,1
"500",500,99.2048,11.7915735894358,0.799723287725382,0.0886230865912,0.4302,0.6918,0.275,1,1,1
"501",501,99.158,11.3455742296919,0.81164964470618,0.0885247092915247,0.4214,0.6924,0.2632,1,1,1
"502",502,99.1364,11.5928321728691,0.790974274109215,0.0885992614851907,0.4052,0.6822,0.2716,1,1,1
"503",503,99.1268,11.0759521408563,0.813428140703939,0.0887812434835863,0.425,0.6836,0.2798,1,1,1
"504",504,99.2116,11.0088289715886,0.8086798069123,0.0890961951023082,0.4334,0.6782,0.2858,1,1,1
"505",505,99.2384,11.4157317326931,0.80482150647007,0.0890822284483373,0.4266,0.6826,0.281,1,1,1
"506",506,99.2928,11.1147140456182,0.78900815297693,0.0893319183433812,0.4238,0.686,0.2764,1,1,1
"507",507,99.3192,11.1841850340136,0.812134026329639,0.089625775472374,0.4298,0.683,0.287,1,1,1
"508",508,99.38,11.4897959183673,0.778922940828196,0.0898469228131536,0.431,0.6926,0.295,1,1,1
"509",509,99.3488,11.012343497399,0.789328300902144,0.0897334558304374,0.44,0.6918,0.2858,1,1,1
"510",510,99.3708,11.231399919968,0.810852601530686,0.0899269212172145,0.4254,0.684,0.2814,1,1,1
"511",511,99.2716,11.5840670668267,0.810711802839293,0.0902069362415224,0.4388,0.683,0.2752,1,1,1
"512",512,99.3284,11.678824969988,0.775756204211755,0.0906072971785332,0.4378,0.6884,0.2804,1,1,1
"513",513,99.3268,10.9827948779512,0.785643596267878,0.0910389913046809,0.438,0.6782,0.2782,1,1,1
"514",514,99.4648,11.2652670668267,0.788718790102086,0.0906046056407041,0.4462,0.6722,0.2736,1,1,1
"515",515,99.4048,10.9557192476991,0.787090748050547,0.0908626898530861,0.45,0.6758,0.2804,1,1,1
"516",516,99.4064,11.0176460984394,0.805810908831413,0.0907839466637448,0.453,0.6752,0.2786,1,1,1
"517",517,99.3012,11.085312685074,0.791466138042397,0.0908903922597489,0.4564,0.67,0.2814,1,1,1
"518",518,99.3012,11.351018967587,0.778762654269714,0.0915382685141645,0.4644,0.6712,0.2794,1,1,1
"519",519,99.33,10.9478791516607,0.825758428290766,0.0914384312406921,0.4558,0.6742,0.2854,1,1,1
"520",520,99.2512,10.9860929971989,0.816917618980793,0.0916202568250429,0.461,0.6694,0.2898,1,1,1
"521",521,99.312,11.1935334133653,0.774927443387539,0.0917179692318856,0.4834,0.6814,0.2908,1,1,1
"522",522,99.3744,11.0642503401361,0.807246072212588,0.0917348102677651,0.492,0.6946,0.2894,1,1,1
"523",523,99.4456,11.4052027210884,0.779699846762296,0.0923734087289534,0.4984,0.695,0.2824,1,1,1
"524",524,99.372,11.0148219287715,0.802620587632656,0.0921505333690683,0.499,0.6964,0.282,1,1,1
"525",525,99.308,11.4369107643057,0.757549799096178,0.0925277109959973,0.4886,0.6956,0.2848,1,1,1
"526",526,99.2432,11.9824467386955,0.773294685719818,0.0925149243557669,0.4988,0.7028,0.293,1,1,1
"527",527,99.3052,10.7491526210484,0.806416753422003,0.0928840305423216,0.4986,0.7026,0.2856,1,1,1
"528",528,99.1988,11.2173655062025,0.795284096967871,0.0936459816725661,0.4928,0.7044,0.2818,1,1,1
"529",529,99.1476,10.6804864345738,0.789982258729945,0.0932363888809461,0.4828,0.7028,0.2784,1,1,1
"530",530,99.1508,10.6531206082433,0.784624038832268,0.0932432968055587,0.4952,0.695,0.2838,1,1,1
"531",531,99.1872,10.6035975990396,0.782345843919637,0.093567321068741,0.5022,0.6842,0.2862,1,1,1
"532",532,99.2128,10.7590197679072,0.779907504318552,0.0936416737724015,0.5026,0.6746,0.2834,1,1,1
"533",533,99.238,11.345094037615,0.788352119596253,0.0940648359439397,0.4938,0.6756,0.284,1,1,1
"534",534,99.272,11.1080592236895,0.810410504109652,0.0943011834248391,0.5032,0.6796,0.2862,1,1,1
"535",535,99.2472,11.6059345338135,0.799675831972152,0.0945130181002896,0.4908,0.6774,0.2928,1,1,1
"536",536,99.2932,11.6086772308924,0.809703042435823,0.0941810899979177,0.495,0.6772,0.2926,1,1,1
"537",537,99.2824,11.2159366146459,0.795579559206071,0.0944171167825998,0.5016,0.6736,0.296,1,1,1
"538",538,99.3956,11.4404768307323,0.778757322256693,0.0945117560743327,0.5084,0.668,0.293,1,1,1
"539",539,99.2984,11.2794692276911,0.801514560750306,0.0945513833014384,0.5054,0.6726,0.2898,1,1,1
"540",540,99.3968,11.2646556222489,0.800580698493303,0.0951086667867801,0.5098,0.6628,0.2806,1,1,1
"541",541,99.444,11.4458423369348,0.798875369015172,0.0951705528328392,0.5076,0.6552,0.2794,1,1,1
"542",542,99.4404,10.8795996798719,0.790908923322524,0.0952454351036208,0.5062,0.6488,0.2864,1,1,1
"543",543,99.456,11.2885794317727,0.804953619547,0.0952250079553998,0.5016,0.6558,0.286,1,1,1
"544",544,99.5084,11.9347033213285,0.765273877428734,0.0958873850294562,0.4928,0.658,0.278,1,1,1
"545",545,99.3448,11.4104771508603,0.783711398758561,0.0959278765814869,0.5004,0.6594,0.2688,1,1,1
"546",546,99.202,10.8487354941977,0.807941045310407,0.0960335712027385,0.4904,0.66,0.2622,1,1,1
"547",547,99.2008,11.0128845138055,0.784177712261251,0.096095052840755,0.4924,0.6566,0.2672,1,1,1
"548",548,99.282,11.4438535414166,0.79667900660846,0.0965419648436896,0.4956,0.6578,0.2634,1,1,1
"549",549,99.194,12.1724329731893,0.789303758747437,0.096762256193775,0.4904,0.6632,0.263,1,1,1
"550",550,99.2492,11.830231452581,0.793919948256629,0.0967393043964435,0.491,0.6646,0.2576,1,1,1
"551",551,99.3916,11.8237789515806,0.789335897726814,0.0967915421402387,0.4886,0.6634,0.2624,1,1,1
"552",552,99.298,11.3649419767907,0.800293172878833,0.0970487405743416,0.4948,0.6636,0.256,1,1,1
"553",553,99.2632,11.3008460984394,0.804900243953305,0.0968675651158808,0.499,0.665,0.2636,1,1,1
"554",554,99.2104,11.3946897158864,0.815624258832108,0.0971064736484582,0.4964,0.6708,0.2778,1,1,1
"555",555,99.1488,11.2679657462985,0.784874716136923,0.0971591106869164,0.4934,0.6688,0.2796,1,1,1
"556",556,99.0664,11.0576140856343,0.798127871677499,0.0978201664752551,0.491,0.6624,0.2778,1,1,1
"557",557,99.0192,11.3809837535014,0.806422079972889,0.0977652759617277,0.5008,0.6678,0.2754,1,1,1
"558",558,99.0132,11.4552078431373,0.789400267675851,0.0978095349449432,0.5096,0.6574,0.2708,1,1,1
"559",559,99.0956,11.0116653061224,0.793076523351954,0.0983530344987636,0.5088,0.6466,0.2802,1,1,1
"560",560,99.2068,11.5078368947579,0.775402912441553,0.0984196044452408,0.5104,0.6316,0.285,1,1,1
"561",561,99.1828,11.6988637054822,0.775843352205256,0.0984640865264952,0.5142,0.626,0.2864,1,1,1
"562",562,99.1332,11.5192654661865,0.775437376090976,0.0989078173792842,0.5142,0.6274,0.2926,1,1,1
"563",563,99.0792,10.994125010004,0.795243022298235,0.0986985861133694,0.5108,0.6292,0.2938,1,1,1
"564",564,99.0772,11.4526212084834,0.791591576666866,0.0990786845448818,0.5032,0.6286,0.2976,1,1,1
"565",565,98.9792,11.2656736294518,0.810411982013204,0.0990856823478283,0.5108,0.635,0.2892,1,1,1
"566",566,98.9316,11.8396573029212,0.763693789250873,0.0994628294509406,0.504,0.6296,0.2894,1,1,1
"567",567,98.7652,11.796387515006,0.78304852275975,0.0995579976668179,0.4998,0.63,0.2826,1,1,1
"568",568,98.8928,11.6891838335334,0.814995899664809,0.099609001020056,0.5024,0.6292,0.2694,1,1,1
"569",569,98.928,11.7283073229292,0.812366914781242,0.100220462110045,0.4998,0.6256,0.2694,1,1,1
"570",570,98.8584,11.0883847939176,0.807873999107668,0.100167895376462,0.5044,0.6184,0.275,1,1,1
"571",571,98.926,11.3626690676271,0.791243398997933,0.0999201467965429,0.502,0.6184,0.2646,1,1,1
"572",572,99.0208,11.7338609043617,0.784036066478294,0.100808094836125,0.5026,0.614,0.2612,1,1,1
"573",573,99.0176,11.0897261304522,0.806273521621388,0.100447004391137,0.5128,0.6128,0.256,1,1,1
"574",574,98.9912,11.459706442577,0.778887086826594,0.101030062706582,0.5008,0.611,0.2468,1,1,1
"575",575,99.0388,10.9768853141256,0.84073795521663,0.100811831237749,0.505,0.6078,0.2468,1,1,1
"576",576,98.9904,12.0255180472189,0.797742040455415,0.101438450839978,0.5048,0.6006,0.2536,1,1,1
"577",577,99.0256,11.3502847539016,0.809356146411559,0.101124069323528,0.5106,0.6032,0.2526,1,1,1
"578",578,98.9848,10.655231052421,0.800790992071392,0.101254527359557,0.4972,0.607,0.2568,1,1,1
"579",579,99.0488,11.1508789115646,0.805757131015184,0.101501356747289,0.4996,0.5948,0.262,1,1,1
"580",580,99.0528,11.4153783113245,0.79840172918945,0.101747060122472,0.4976,0.6026,0.2622,1,1,1
"581",581,99.0032,11.1308420968387,0.802679542299262,0.101867343343113,0.5076,0.6048,0.2624,1,1,1
"582",582,99.0368,11.1887212484994,0.823169951515801,0.102181009258045,0.5,0.6012,0.2638,1,1,1
"583",583,99.058,11.0270468187275,0.814615683580588,0.102084975420998,0.4978,0.612,0.2618,1,1,1
"584",584,99.1548,12.4166036014406,0.805643106725223,0.102369532030262,0.4904,0.6108,0.2616,1,1,1
"585",585,99.104,11.4817767106843,0.824902498731396,0.103045880352711,0.485,0.6176,0.2622,1,1,1
"586",586,99.1676,11.8106344937975,0.790292927044988,0.102647774083027,0.4752,0.6198,0.2634,1,1,1
"587",587,99.1808,12.2338048819528,0.786453181062227,0.102704464519876,0.4744,0.6198,0.263,1,1,1
"588",588,99.2168,11.6064403361345,0.795698752121671,0.103094435098812,0.4806,0.6058,0.2682,1,1,1
"589",589,99.1668,11.6196256102441,0.810117518468671,0.103181975809214,0.4784,0.6062,0.2572,1,1,1
"590",590,99.2488,11.7467972789116,0.776237449671007,0.1031082003426,0.4858,0.5886,0.2534,1,1,1
"591",591,99.2748,11.4838785114046,0.806813514280074,0.103751566615731,0.4788,0.5852,0.2616,1,1,1
"592",592,99.2604,11.6276428971589,0.775148358015194,0.103843033766508,0.468,0.5866,0.2522,1,1,1
"593",593,99.1876,11.9499862344938,0.806181141331219,0.103910353130536,0.4652,0.5858,0.2498,1,1,1
"594",594,99.2564,11.7105432573029,0.780724986416717,0.103870552852641,0.4562,0.5922,0.2534,1,1,1
"595",595,99.2712,11.8471894357743,0.792641296025812,0.104374362104494,0.4428,0.5972,0.261,1,1,1
"596",596,99.3708,11.2249973589436,0.807854749270447,0.104221703601168,0.446,0.5928,0.2682,1,1,1
"597",597,99.308,11.2016166466587,0.808403063068985,0.104781205083063,0.449,0.6004,0.265,1,1,1
"598",598,99.3296,11.5423807923169,0.787410867997104,0.104436477151174,0.4558,0.604,0.2598,1,1,1
"599",599,99.3876,11.490762545018,0.812056698911229,0.105099409087932,0.4554,0.5996,0.258,1,1,1
"600",600,99.3236,11.6883583833533,0.79641757895548,0.105367160879786,0.465,0.5846,0.2608,1,1,1
"601",601,99.4232,10.839637615046,0.784208583038116,0.105233197641168,0.46,0.5918,0.2684,1,1,1
"602",602,99.4732,11.5979209283713,0.798333313344745,0.105542958897952,0.451,0.589,0.2608,1,1,1
"603",603,99.5392,11.1569261304522,0.787161784497448,0.105408243320212,0.4556,0.5812,0.2542,1,1,1
"604",604,99.5968,11.7421266106443,0.779396037041759,0.105869848589374,0.4456,0.587,0.2564,1,1,1
"605",605,99.5484,11.5546793117247,0.815178851612707,0.10581451903033,0.4416,0.5912,0.257,1,1,1
"606",606,99.5412,11.1351566226491,0.790307906673593,0.106102428388176,0.439,0.5846,0.2662,1,1,1
"607",607,99.4344,10.8932539415766,0.820010119960143,0.106253810758546,0.4416,0.584,0.2552,1,1,1
"608",608,99.4012,11.0366532212885,0.775156609738867,0.106303003440169,0.4454,0.5816,0.25,1,1,1
"609",609,99.3872,11.3314087234894,0.788940360410897,0.106330089145166,0.4508,0.575,0.2544,1,1,1
"610",610,99.2936,11.4351731092437,0.76679801376359,0.106723596693948,0.4632,0.5738,0.25,1,1,1
"611",611,99.4432,11.4505539815926,0.786056668366851,0.106734139559957,0.4568,0.5476,0.2474,1,1,1
"612",612,99.4204,11.0760942777111,0.802679341463821,0.107268558077705,0.455,0.5496,0.2436,1,1,1
"613",613,99.4788,11.4093142857143,0.807882290062116,0.107039020345713,0.4486,0.5516,0.2358,1,1,1
"614",614,99.4476,11.6319070028011,0.779960583368133,0.107141154000705,0.4488,0.5556,0.235,1,1,1
"615",615,99.2648,11.4408573029212,0.7874159258151,0.107487884990174,0.4388,0.5506,0.2352,1,1,1
"616",616,99.2752,11.7033462985194,0.788416800680819,0.107919731410065,0.4406,0.5668,0.242,1,1,1
"617",617,99.3072,11.5326412164866,0.768948350660517,0.107901421861152,0.4362,0.5678,0.2414,1,1,1
"618",618,99.3512,11.8517992797119,0.804440369036211,0.107797639518698,0.4328,0.5564,0.2334,1,1,1
"619",619,99.242,11.8865906362545,0.799170714020965,0.108147865233066,0.432,0.554,0.2318,1,1,1
"620",620,99.3276,10.8582215286114,0.814431837591721,0.108345531737693,0.4306,0.5552,0.2254,1,1,1
"621",621,99.3076,11.7704904361745,0.798816157590216,0.108322806772775,0.4296,0.5506,0.219,1,1,1
"622",622,99.4244,11.5368993997599,0.796181194500936,0.108739413763814,0.4278,0.5582,0.219,1,1,1
"623",623,99.4436,11.1576821128451,0.792272879095182,0.108981669447022,0.4266,0.564,0.222,1,1,1
"624",624,99.502,11.2833093237295,0.807036438995793,0.108983361173769,0.4228,0.57,0.2218,1,1,1
"625",625,99.6736,10.935437214886,0.791729533379399,0.109157682540897,0.4308,0.5782,0.2232,1,1,1
"626",626,99.6632,10.7244555422169,0.808756151173543,0.109103516504993,0.4232,0.5816,0.2272,1,1,1
"627",627,99.7376,10.665012244898,0.798427319099193,0.109327401474315,0.4246,0.5744,0.2316,1,1,1
"628",628,99.6784,10.9809658263305,0.804197984758347,0.1097237755533,0.425,0.5726,0.2352,1,1,1
"629",629,99.6488,11.3580017607043,0.781441527541014,0.109757930096585,0.4154,0.5662,0.236,1,1,1
"630",630,99.6884,10.486700120048,0.797566578701437,0.109774341883062,0.4214,0.5556,0.2306,1,1,1
"631",631,99.6304,10.8293275710284,0.786381456937354,0.110154673475226,0.415,0.5694,0.231,1,1,1
"632",632,99.7572,10.7913647058824,0.791634934167198,0.110347662058732,0.414,0.564,0.2282,1,1,1
"633",633,99.7328,10.8729533413365,0.767593339235201,0.110397313774268,0.4086,0.5678,0.2286,1,1,1
"634",634,99.7136,10.9447529411765,0.78812069682028,0.110612242651657,0.4162,0.5718,0.245,1,1,1
"635",635,99.7436,11.0846929171669,0.779068515351244,0.110722554708233,0.4196,0.5834,0.2514,1,1,1
"636",636,99.9396,10.9155180472189,0.796470763805263,0.110848662447224,0.4242,0.5904,0.2516,1,1,1
"637",637,100.0368,11.369593597439,0.77213450656621,0.111236513607984,0.4188,0.5814,0.2514,1,1,1
"638",638,99.9728,10.9404363345338,0.778959518818155,0.111337158299942,0.4224,0.5792,0.2558,1,1,1
"639",639,99.974,11.5387394957983,0.795615431219571,0.111231735991194,0.4246,0.5734,0.2558,1,1,1
"640",640,99.9908,11.4016760304122,0.808573105466926,0.111469210954566,0.4096,0.5766,0.2554,1,1,1
"641",641,99.9044,11.3998205682273,0.787510046808372,0.112333064936762,0.4136,0.5746,0.2644,1,1,1
"642",642,99.9296,11.1675108443377,0.811547026944221,0.111815227884346,0.4128,0.5802,0.2642,1,1,1
"643",643,99.9116,11.6484448179272,0.792887492437339,0.112223870503945,0.405,0.5712,0.2688,1,1,1
"644",644,99.8276,11.6225272509004,0.791480341766777,0.112484429268009,0.3952,0.5688,0.2778,1,1,1
"645",645,99.9184,11.694019047619,0.805931814752431,0.112339803839632,0.3958,0.5754,0.2758,1,1,1
"646",646,100.0208,11.6706356142457,0.8093985135237,0.11263446331358,0.3998,0.5826,0.2726,1,1,1
"647",647,99.9884,11.3464040016006,0.802108391086678,0.11252527222538,0.4028,0.592,0.2764,1,1,1
"648",648,99.9056,11.5044904361745,0.782266552452459,0.113154062753827,0.4038,0.5736,0.2746,1,1,1
"649",649,99.8308,11.0137768707483,0.787223963712311,0.113165915822787,0.3984,0.5816,0.2744,1,1,1
"650",650,99.8108,11.2963218887555,0.791653885123979,0.113157180917336,0.3936,0.5818,0.2672,1,1,1
"651",651,99.7708,11.456449939976,0.782412750543768,0.114040610227664,0.4054,0.5788,0.2676,1,1,1
"652",652,99.748,11.041712685074,0.786933321349722,0.113504142478205,0.397,0.5768,0.268,1,1,1
"653",653,99.6872,11.5115607843137,0.78736101137627,0.113945717791278,0.4088,0.5898,0.265,1,1,1
"654",654,99.7276,11.7420950780312,0.767055933172461,0.113999982334535,0.4158,0.603,0.2736,1,1,1
"655",655,99.6172,10.8654103241297,0.791213460615447,0.113868970635928,0.4116,0.609,0.2778,1,1,1
"656",656,99.6308,11.0317040416166,0.78112753883017,0.114351017844377,0.4158,0.615,0.2724,1,1,1
"657",657,99.6028,10.8941898359344,0.808773765343322,0.114250230709513,0.4208,0.612,0.2636,1,1,1
"658",658,99.7524,11.1267449379752,0.811885386696981,0.114822460859552,0.4226,0.6176,0.2666,1,1,1
"659",659,99.7416,11.4722183273309,0.773738513824876,0.114618158730793,0.4254,0.6164,0.2722,1,1,1
"660",660,99.74,11.6338535414166,0.783858783063323,0.114992606360756,0.4234,0.6192,0.2788,1,1,1
"661",661,99.7464,11.5691146858744,0.803840236739113,0.115489244383325,0.4292,0.6088,0.2754,1,1,1
"662",662,99.6772,11.0294119247699,0.797868919033195,0.115918777006073,0.4396,0.6036,0.279,1,1,1
"663",663,99.814,11.2142897158864,0.785352478955029,0.116262395935655,0.4454,0.6158,0.2786,1,1,1
"664",664,99.6876,10.6590698679472,0.791476054096691,0.115604636994199,0.4336,0.6148,0.2766,1,1,1
"665",665,99.7652,11.2465675870348,0.794008379752903,0.115374951395132,0.4314,0.614,0.28,1,1,1
"666",666,99.876,11.642881152461,0.771162390412833,0.115689754999519,0.4376,0.6138,0.2788,1,1,1
"667",667,99.8824,11.730862585034,0.779267226466601,0.115829197622658,0.4332,0.6072,0.279,1,1,1
"668",668,99.8504,11.2173067627051,0.789681022824674,0.115964112679787,0.436,0.6048,0.2786,1,1,1
"669",669,99.7884,11.0992651460584,0.77602446713213,0.116352444126911,0.4304,0.6036,0.286,1,1,1
"670",670,99.852,10.8704441776711,0.785524501163988,0.1164230980863,0.4316,0.613,0.2826,1,1,1
"671",671,99.8192,11.3758617046819,0.798644268236799,0.116701334750574,0.4298,0.6062,0.29,1,1,1
"672",672,99.8588,11.641119007603,0.78714318829897,0.117456510815279,0.4366,0.6042,0.2962,1,1,1
"673",673,99.7436,11.3888145658263,0.80903851253195,0.117350777319888,0.4368,0.5998,0.2898,1,1,1
"674",674,99.7084,11.2502695478191,0.779811825841594,0.11719708520342,0.4384,0.5858,0.2838,1,1,1
"675",675,99.6576,10.6894380152061,0.841976546347695,0.117107333537133,0.433,0.5896,0.278,1,1,1
"676",676,99.5436,11.2461975190076,0.789523360162825,0.117234562972073,0.4392,0.5858,0.2798,1,1,1
"677",677,99.606,11.0920008003201,0.790722636640474,0.117629425267831,0.441,0.5906,0.2806,1,1,1
"678",678,99.6564,11.2684464185674,0.780709395600564,0.117600705907547,0.4424,0.5952,0.2886,1,1,1
"679",679,99.7028,10.8676192076831,0.787345296520676,0.117934019841715,0.4462,0.5846,0.292,1,1,1
"680",680,99.6568,10.6184611444578,0.773934290918219,0.118200482790207,0.4512,0.5856,0.2872,1,1,1
"681",681,99.7188,11.0505467787115,0.793941958963034,0.117967142898686,0.4524,0.5744,0.2898,1,1,1
"682",682,99.7036,11.6828201680672,0.805816824173161,0.118577387349422,0.4616,0.5742,0.2862,1,1,1
"683",683,99.6912,11.7245323729492,0.791508462038589,0.118625237584746,0.4596,0.588,0.297,1,1,1
"684",684,99.8664,11.6556132853141,0.786013829133729,0.118874934375401,0.465,0.5912,0.3098,1,1,1
"685",685,99.726,11.3722729091637,0.792494342754979,0.118876619509156,0.464,0.5954,0.3052,1,1,1
"686",686,99.9156,11.3898325730292,0.803375486535389,0.119200373060428,0.4732,0.6046,0.2974,1,1,1
"687",687,99.9236,11.4551450980392,0.812619408102049,0.119372636164529,0.4628,0.607,0.298,1,1,1
"688",688,99.874,11.8764745898359,0.783443496496381,0.119275486362101,0.46,0.5924,0.3002,1,1,1
"689",689,99.8412,11.8423194877951,0.816891708335422,0.119723613871772,0.4628,0.5842,0.3068,1,1,1
"690",690,99.9104,11.6366264905962,0.817085389367655,0.119686090866195,0.4716,0.58,0.3088,1,1,1
"691",691,99.8364,11.4446128851541,0.77437139038693,0.119949075866083,0.474,0.5786,0.305,1,1,1
"692",692,99.7248,11.1583282913165,0.796492110300751,0.119843544458531,0.4778,0.5778,0.3086,1,1,1
"693",693,99.8072,11.2041098039216,0.775171507122608,0.120223289373905,0.4904,0.5758,0.3158,1,1,1
"694",694,99.8232,11.270049779912,0.790436070426497,0.12087761072761,0.496,0.569,0.3048,1,1,1
"695",695,99.8084,11.1097333333333,0.782911448366536,0.120266474342186,0.501,0.578,0.2956,1,1,1
"696",696,99.8204,10.9453219687875,0.813471317480047,0.120654786901141,0.5026,0.5822,0.2906,1,1,1
"697",697,99.744,12.0000640256102,0.774613714212542,0.120728055540711,0.4984,0.5806,0.2856,1,1,1
"698",698,99.8052,11.1877280512205,0.803179199480434,0.120947048749896,0.5002,0.5734,0.283,1,1,1
"699",699,99.7228,11.3352942777111,0.77676576290712,0.121116088369976,0.4996,0.569,0.2854,1,1,1
"700",700,99.8676,11.5170770708283,0.756924967303976,0.121217114065538,0.4846,0.5692,0.2942,1,1,1
"701",701,99.8312,10.9654927571028,0.806159483226482,0.121387353831904,0.4788,0.563,0.2916,1,1,1
"702",702,99.7464,11.0000870748299,0.79778835174996,0.121826708650102,0.4776,0.5648,0.2902,1,1,1
"703",703,99.7608,10.9607676670668,0.797010388654382,0.121752930395645,0.469,0.5784,0.2922,1,1,1
"704",704,99.9112,11.4526956382553,0.778373259046073,0.121802641866918,0.4554,0.5796,0.2924,1,1,1
"705",705,100.064,10.9386794717887,0.796969244681692,0.121990218298075,0.46,0.5872,0.292,1,1,1
"706",706,100.0048,11.3253070828331,0.786253653035489,0.122678763703912,0.4506,0.5774,0.292,1,1,1
"707",707,99.9296,10.9106080832333,0.81229805329568,0.122740475114356,0.4404,0.5852,0.2846,1,1,1
"708",708,100.0212,11.1316032012805,0.803235088067326,0.122543081020584,0.4366,0.5964,0.2882,1,1,1
"709",709,100.0144,11.1394484193677,0.809997640016402,0.122874522616249,0.453,0.5918,0.289,1,1,1
"710",710,99.9908,10.7766260104042,0.803556957879481,0.123092824452766,0.4566,0.6026,0.2882,1,1,1
"711",711,99.9012,11.1863130852341,0.786400679353038,0.123281099050188,0.4594,0.6084,0.2884,1,1,1
"712",712,100.0012,11.5706268107243,0.77744549191782,0.12326374221078,0.4578,0.6052,0.2938,1,1,1
"713",713,100.1656,11.8213051620648,0.768390395680622,0.12335225658744,0.4506,0.6054,0.295,1,1,1
"714",714,100.006,11.3921208483393,0.812840730467025,0.12378861625466,0.4574,0.6052,0.2836,1,1,1
"715",715,100.0996,11.4806721088435,0.793510603530273,0.124235019792584,0.4612,0.605,0.2862,1,1,1
"716",716,100.1064,11.7229682272909,0.793148547519142,0.124050465807836,0.4684,0.6064,0.2866,1,1,1
"717",717,100.138,11.8420928371349,0.779951252627698,0.124242679951168,0.4678,0.605,0.2848,1,1,1
"718",718,100.0984,11.2820302521008,0.786675263168558,0.124528167195897,0.4744,0.6134,0.2962,1,1,1
"719",719,100.1968,11.3778208883553,0.786927259166673,0.124495158536941,0.4704,0.6102,0.2902,1,1,1
"720",720,100.2156,10.9486961184474,0.791252603963403,0.124830080737065,0.47,0.6078,0.2996,1,1,1
"721",721,100.1616,11.3216140856343,0.793984158522002,0.124722689742875,0.4784,0.6184,0.3014,1,1,1
"722",722,100.0816,11.2850554621849,0.789069869327123,0.125216661010045,0.4734,0.6164,0.3118,1,1,1
"723",723,100.1344,11.4217053221289,0.797136834476915,0.124993384921766,0.4722,0.6208,0.3132,1,1,1
"724",724,100.1864,11.2137405362145,0.781461387821184,0.125086847868942,0.4588,0.6122,0.3198,1,1,1
"725",725,100.156,11.2345578231293,0.810345714859684,0.12587509883231,0.454,0.6102,0.3226,1,1,1
"726",726,100.1668,10.555199839936,0.801842410480069,0.125750104153972,0.452,0.6114,0.325,1,1,1
"727",727,100.1596,10.9497077230892,0.795568736477426,0.126224062083532,0.456,0.6162,0.3286,1,1,1
"728",728,100.1684,10.6667081232493,0.789366679982441,0.125796794871692,0.4658,0.631,0.3322,1,1,1
"729",729,100.1096,11.3485272509004,0.788789279943375,0.12596884138876,0.4696,0.613,0.3268,1,1,1
"730",730,100.2124,11.1925632653061,0.764617688538661,0.126079226376484,0.474,0.607,0.3238,1,1,1
"731",731,100.0988,10.9238080832333,0.79379764741311,0.126475956773833,0.476,0.6072,0.322,1,1,1
"732",732,100.02,11.1304521808723,0.807259334891246,0.126455467817552,0.4854,0.6026,0.3186,1,1,1
"733",733,100.0828,11.7870589835934,0.792044166531968,0.126708423587968,0.4828,0.6044,0.322,1,1,1
"734",734,100.1788,11.595468747499,0.777899042982818,0.12694197580877,0.4784,0.6036,0.3284,1,1,1
"735",735,100.2192,10.4481306122449,0.818456450567001,0.126919701940941,0.4754,0.6052,0.3284,1,1,1
"736",736,100.194,11.2136494597839,0.807393322106805,0.127773117522229,0.4664,0.5976,0.3324,1,1,1
"737",737,100.1668,10.9001378151261,0.791271587022531,0.12749830688807,0.4656,0.5842,0.3242,1,1,1
"738",738,100.28,11.4309723889556,0.796272827837289,0.127692070507786,0.4682,0.5766,0.3288,1,1,1
"739",739,100.1596,11.2314204081633,0.80453852814645,0.127851675080411,0.4698,0.5874,0.3388,1,1,1
"740",740,100.1788,11.1184779511805,0.783519256401973,0.127742829382145,0.4616,0.5984,0.3358,1,1,1
"741",741,100.1476,10.652475230092,0.825894727677831,0.127816322819089,0.4638,0.5992,0.3366,1,1,1
"742",742,100.2208,11.7663539015606,0.798234794211684,0.128332740022598,0.47,0.6042,0.3264,1,1,1
"743",743,100.2552,11.8163995198079,0.799780274309254,0.12840130345169,0.4718,0.6076,0.3244,1,1,1
"744",744,100.4252,11.4681922368948,0.798371628465466,0.128557846006147,0.4756,0.6158,0.3242,1,1,1
"745",745,100.482,11.2421728691477,0.81142693204538,0.128869374842571,0.4814,0.6222,0.326,1,1,1
"746",746,100.4228,11.2189277310924,0.802411108500667,0.12912260281291,0.4758,0.6208,0.313,1,1,1
"747",747,100.4136,11.3262655462185,0.82318611123406,0.128858895758952,0.4736,0.6162,0.3236,1,1,1
"748",748,100.3536,11.0393827931172,0.773596496396966,0.129174465715566,0.4694,0.6242,0.3254,1,1,1
"749",749,100.2868,10.5367604641857,0.816423838637089,0.129393442238359,0.4628,0.6092,0.308,1,1,1
"750",750,100.3812,11.392443537415,0.796796641079291,0.129423755859314,0.4616,0.6008,0.3128,1,1,1
"751",751,100.4752,11.2266756302521,0.781279584256647,0.12961647011071,0.4628,0.5924,0.3176,1,1,1
"752",752,100.42,11.1112444977991,0.787339157993301,0.129830542563281,0.462,0.5848,0.3044,1,1,1
"753",753,100.4648,11.2500609843938,0.781817269167158,0.130021180478244,0.4498,0.587,0.3146,1,1,1
"754",754,100.486,10.8397398959584,0.762313113567339,0.129890551631747,0.4544,0.5862,0.3238,1,1,1
"755",755,100.5208,11.1676344137655,0.802496025644105,0.130396631094046,0.4376,0.5896,0.3246,1,1,1
"756",756,100.5384,11.3906817126851,0.786123136194783,0.130686337518388,0.4374,0.5986,0.3322,1,1,1
"757",757,100.4128,11.6438537014806,0.790815904592504,0.130442475956218,0.4354,0.617,0.3274,1,1,1
"758",758,100.526,11.5931612645058,0.803318096420217,0.130763242652153,0.4412,0.6258,0.3336,1,1,1
"759",759,100.5844,11.2081599039616,0.787545528447169,0.130831661794049,0.4502,0.6254,0.3248,1,1,1
"760",760,100.6036,11.5214756302521,0.767931289758122,0.13089463272766,0.4488,0.614,0.3152,1,1,1
"761",761,100.6384,10.9088089635854,0.80300543555198,0.131105886658726,0.4384,0.6132,0.3106,1,1,1
"762",762,100.6164,11.3033723889556,0.785980150420675,0.131464385602368,0.4344,0.6144,0.3168,1,1,1
"763",763,100.6048,11.0866516206483,0.788850046119292,0.131549586587688,0.442,0.6202,0.319,1,1,1
"764",764,100.6528,10.9574351340536,0.790177761739062,0.13169311613743,0.4306,0.608,0.3168,1,1,1
"765",765,100.6632,10.8997256502601,0.80533181109103,0.132153572231456,0.4268,0.6062,0.3182,1,1,1
"766",766,100.732,11.2878911564626,0.79504715609938,0.13186483653136,0.4282,0.6054,0.3126,1,1,1
"767",767,100.7932,11.2997536614646,0.790626944935401,0.132319509528692,0.429,0.616,0.3242,1,1,1
"768",768,100.7408,11.0924523409364,0.772626404442499,0.132168040433649,0.4272,0.611,0.3272,1,1,1
"769",769,100.6944,10.6780798719488,0.794013800119992,0.13273065006327,0.428,0.6066,0.335,1,1,1
"770",770,100.6868,10.6777768707483,0.799989314850943,0.132693631336406,0.4368,0.605,0.3348,1,1,1
"771",771,100.6676,10.8078333733493,0.780322614846709,0.132951175565996,0.4528,0.6046,0.343,1,1,1
"772",772,100.6248,11.0220337735094,0.781858873511701,0.132934751800694,0.4436,0.5994,0.3322,1,1,1
"773",773,100.5416,11.5152755502201,0.773697485313243,0.133402429277571,0.4476,0.5878,0.3316,1,1,1
"774",774,100.6188,11.0603106842737,0.796872778332849,0.133150068779855,0.446,0.5852,0.3326,1,1,1
"775",775,100.6508,11.3213879151661,0.806674179610906,0.133464440886443,0.4408,0.5908,0.3238,1,1,1
"776",776,100.6708,10.8195551820728,0.805947454441679,0.13378804242131,0.4486,0.5936,0.3242,1,1,1
"777",777,100.768,11.7228651460584,0.770794144071569,0.133541346735459,0.4548,0.5928,0.3278,1,1,1
"778",778,100.7376,11.3644920368147,0.777125029774789,0.133950223470455,0.4414,0.5854,0.3186,1,1,1
"779",779,100.884,11.0645698279312,0.775991343331515,0.134171072305256,0.4458,0.5788,0.3166,1,1,1
"780",780,100.9276,11.1180054421769,0.787476382541547,0.134382042816872,0.455,0.5772,0.3364,1,1,1
"781",781,100.9972,10.9119569427771,0.805858601152539,0.134634390580647,0.4578,0.5702,0.3208,1,1,1
"782",782,101.05,11.2047819127651,0.782798403614189,0.134674086431723,0.455,0.5794,0.3102,1,1,1
"783",783,100.9696,10.7905920768307,0.793452728907775,0.134647827204532,0.4556,0.5788,0.3034,1,1,1
"784",784,101.0592,10.8976544217687,0.789264401254608,0.135536211316789,0.4456,0.5766,0.312,1,1,1
"785",785,101.1124,11.0425832733093,0.793308059473473,0.135363622144626,0.4428,0.5702,0.303,1,1,1
"786",786,101.1476,10.7485136454582,0.788575489164855,0.135678839346385,0.4406,0.5704,0.3048,1,1,1
"787",787,101.2416,10.5026304921969,0.77262336108057,0.135745394085755,0.432,0.567,0.311,1,1,1
"788",788,101.1916,10.3654356142457,0.789206792007154,0.136000337461251,0.4328,0.5592,0.301,1,1,1
"789",789,101.17,10.9486794717887,0.785848107233903,0.135607814037357,0.4324,0.5558,0.2988,1,1,1
"790",790,101.2396,10.7793035614246,0.78987493692617,0.136165115433399,0.4382,0.5494,0.301,1,1,1
"791",791,101.14,11.0880352140856,0.789039460103216,0.13578883089021,0.4402,0.5508,0.3026,1,1,1
"792",792,101.302,11.3433333333333,0.743062229887547,0.136162517668911,0.4406,0.5476,0.3034,1,1,1
"793",793,101.1684,10.7131266906763,0.785058608543559,0.136119223591927,0.4238,0.5526,0.312,1,1,1
"794",794,101.1188,11.2019673469388,0.773689684160693,0.136712450630858,0.4246,0.5352,0.3196,1,1,1
"795",795,101.2424,10.8599862344938,0.805929934551712,0.137191416980218,0.4282,0.5358,0.3304,1,1,1
"796",796,101.2476,11.3932515406162,0.783100050985301,0.136651158792673,0.428,0.5388,0.3282,1,1,1
"797",797,101.2288,11.7715591836735,0.78728880873966,0.137211674315333,0.4256,0.5258,0.3358,1,1,1
"798",798,101.124,11.2275150060024,0.774012223443521,0.137122494078133,0.434,0.533,0.3376,1,1,1
"799",799,101.1244,10.9677117246899,0.79840744367486,0.137293448588952,0.4326,0.5192,0.3448,1,1,1
"800",800,101.1336,11.4331242897159,0.786346402841983,0.137625654269491,0.4246,0.521,0.35,1,1,1
